status,industry,region,title,source,published_date,direct_link,keyword,relevance_score,Date_Appended
Opening,Specialty / Other,USA,Watch Elk Grove residents celebrate their first Whole Foods store opening (Video),Sacramento Bee,2026-09-16 23:37:49,https://www.sacbee.com/news/business/article317273193.html,grand opening,2,2026-09-16
Opening,Restaurants,USA,"Restaurant group with 2 locations on The Landing, plans to open 3 in Electric Works",The Journal Gazette,2026-09-16 23:30:00,https://www.journalgazette.net/local/restaurant-group-with-2-locations-on-the-landing-plans-to-open-3-in-electric-works/article_12d218ff-f984-40c0-b604-51eda7fd25e0.html,plans to open,7,2026-09-16
Opening,Specialty / Other,USA,Burning Rice Plans Corinth Location,whatnow.com,2026-09-16 23:26:31,https://whatnow.com/dallas/restaurants/burning-rice-plans-corinth-location/,plans to open,2,2026-09-16
Opening,Specialty / Other,USA,Chipotle plans fourth Elk Grove location in former Kiki's Chicken space,The Business Journals,2026-09-16 23:24:00,https://www.bizjournals.com/sacramento/news/2026/09/16/chipotle-plans-new-location-in-elk-grove.html,new location,2,2026-09-16
Closing,Restaurants,USA,B-TOWN BIZ: Archie’s Mexican Restaurant to close after more than 16 years,B-Town Blog,2026-09-16 23:23:00,https://b-townblog.com/b-town-biz-archies-mexican-restaurant-to-close-after-more-than-16-years/,permanent closure,4,2026-09-17
Closing,Restaurants,USA,Landmark St. Louis restaurant O’Connell’s Pub is closing,St. Louis Magazine,2026-09-16 23:16:02,https://www.stlmag.com/dining/landmark-st-louis-restaurant-oconnells-pub-is-closing/,last day,4,2026-09-17
Opening,Specialty / Other,USA,VIDEOS: Joey Fatone and Joe Mulvihill Prepare for Grand Opening of Fat One's at Universal CityWalk Orlando,WDW News Today,2026-09-16 23:07:40,https://wdwnt.com/2026/09/videos-joey-fatone-and-joe-mulvihill-prepare-for-grand-opening-of-fat-ones-at-universal-citywalk-orlando/,grand opening,5,2026-09-16
Opening,Specialty / Other,USA,WinCo expects to open first Seattle location despite legal fight over environmental impacts,mynorthwest.com,2026-09-16 23:02:14,https://mynorthwest.com/local/seattle-winco-foods-grocery/4276624,grand opening,2,2026-09-16
Closing,Specialty / Other,USA,Putting a lid on it: Container Store closing in Germantown,Daily Memphian,2026-09-16 22:48:00,https://dailymemphian.com/section/business/article/66667/germantown-container-store-closing,store closing,5,2026-09-17
Opening,Hospitality,Canada,197-room Cedar Park Marriott Hotel and Conference Center to open in spring 2027,Community Impact,2026-09-16 22:21:06,https://communityimpact.com/cedar-park/development/197-room-cedar-park-marriott-hotel-and-conference-center-to-open-in-spring-2027/,under construction,4,2026-09-16
Closing,Specialty / Other,USA,"Ahead of closure, Neiman Marcus downtown dressed with photos of historic past",Dallas News,2026-09-16 22:10:35,https://www.dallasnews.com/business/retail/article/neiman-marcus-window-display-downtown-dallas-22433568.php,store closing,2,2026-09-17
Opening,Specialty / Other,USA,LEGO Grows Canadian Retail Presence with Major GTA Expansion,Indian Retailer,2026-09-16 22:05:15,https://www.indianretailer.com/franchisetv/archives/news/lego-grows-canadian-retail-presence-major-gta-expansion,grand opening,2,2026-09-16
Closing,Specialty / Other,USA,Academy Sports + Outdoors Plans Cleburne Location,whatnow.com,2026-09-16 21:59:26,https://whatnow.com/dallas/retail/academy-sports-outdoors-plans-cleburne-location/,chapter 11,2,2026-09-17
Opening,Specialty / Other,USA,Ludington Street re-opening celebrated with ribbon cutting ceremony,myupnow.com,2026-09-16 21:59:00,https://www.myupnow.com/community/ludington-street-re-opening-celebrated-with-ribbon-cutting-ceremony/article_070c9f80-c7c6-4570-9af6-90675d90a6c8.html,ribbon cutting,5,2026-09-16
Opening,Specialty / Other,USA,One of San Francisco’s greatest smashburger purveyors is opening in Berkeley,San Francisco Chronicle,2026-09-16 21:45:37,https://www.sfchronicle.com/food/restaurants/article/smish-smash-berkeley-restaurant-22435277.php,expanding to,2,2026-09-16
Opening,Specialty / Other,USA,New locally owned Rosie's Pasta Bar opening in College Station,Community Impact,2026-09-16 21:25:42,https://communityimpact.com/bryan-college-station/dining/locally-owned-pasta-bar-coming-to-college-station/,grand opening,2,2026-09-16
Closing,Specialty / Other,Canada,Historic Bay Area music venue is set to close at the end of next month,East Bay Times,2026-09-16 21:24:02,https://www.eastbaytimes.com/2026/09/16/elis-mile-high-club-closing-oakland/,going out of business,2,2026-09-17
Opening,Restaurants,USA,Little Caesars® Celebrates Grand Opening of New Miami Restaurant,The Miami Times,2026-09-16 21:22:11,https://miamitimesonline.com/local-events?_evDiscoveryPath=/event%2F3831374-little-caesars-celebrates-grand-opening-of-new-miami-restaurant,grand opening,7,2026-09-16
Opening,Restaurants,USA,Nolia owner's new restaurant to host soft opening this weekend,Cincinnati CityBeat,2026-09-16 21:19:51,https://www.citybeat.com/food-drink/nolia-owners-new-restaurant-to-host-outdoor-soft-opening/,soft opening,7,2026-09-16
Closing,Specialty / Other,USA,Discount grocer Lidl closing its only store in the Hamptons,Newsday,2026-09-16 21:11:42,https://www.newsday.com/business/lidl-best-market-westhampton-beach-grocery-store-h0nhu70n,bankruptcy,2,2026-09-17
Opening,Grocery,Canada,Study shows Culver can support new grocery store,Madras Pioneer,2026-09-16 21:11:35,https://madraspioneer.com/2026/09/16/study-shows-culver-can-support-new-grocery-store/,coming soon,4,2026-09-16
Opening,Specialty / Other,Canada,Chipotle Mexican Grill announces opening date for 2nd New Braunfels location,Community Impact,2026-09-16 21:03:09,https://communityimpact.com/new-braunfels/business/chipotle-mexican-grill-announces-opening-date-for-2nd-new-braunfels-location/,opening soon,2,2026-09-16
Opening,Specialty / Other,USA,Food Network star prepares for West African eatery grand opening,KTALnews.com,2026-09-16 21:01:28,https://www.ktalnews.com/news/local-news/chef-niema-grand-opening/,grand opening,5,2026-09-16
Opening,Specialty / Other,USA,Garbo’s announces upcoming North Lamar closure,Community Impact,2026-09-16 20:30:37,https://communityimpact.com/central-austin/dining/garbo-s-announces-upcoming-north-lamar-closure/,expanding to,2,2026-09-16
Opening,Specialty / Other,USA,Hialeah seniors get a new location for meals and activities in center at La Carreta,Miami Herald,2026-09-16 20:27:17,https://www.miamiherald.com/news/local/community/miami-dade/hialeah/article317269289.html,new location,5,2026-09-16
Opening,Specialty / Other,USA,Conroe opening plays into Rooms To Go’s Texas strategy,Furniture Today,2026-09-16 20:08:15,https://www.furnituretoday.com/furniture-retailer/conroe-opening-plays-into-rooms-to-gos-texas-strategy/,under construction,2,2026-09-16
Opening,Restaurants,USA,Sweetgreen just opened its very first Utah restaurant in Sugar House,FOX 13 News Utah,2026-09-16 19:58:21,https://www.fox13now.com/the-place/sweetgreen-just-opened-its-very-first-utah-restaurant-in-sugar-house,now open,4,2026-09-16
Opening,Specialty / Other,USA,Acclaimed Boston-area pizza brand to open first North Shore location ‘soon’,masslive.com,2026-09-16 19:58:00,https://www.masslive.com/entertainment/2026/09/acclaimed-boston-area-pizza-brand-to-open-first-north-shore-location-soon.html,coming soon,2,2026-09-16
Opening,Specialty / Other,USA,Alabama’s first HomeSense furniture + decor store coming to former Hoover Big Lots,Bham Now,2026-09-16 19:53:10,https://bhamnow.com/2026/09/16/alabamas-first-homesense-furniture-decor-store-coming-to-former-hoover-big-lots/,now open,2,2026-09-16
Opening,Cruise Lines,USA,Norwegian Cruise Line has Officially Opened Great Tides Waterpark,Jacksonville Free Press,2026-09-16 19:49:01,https://jacksonvillefreepress.com/norwegian-cruise-line-has-officially-opened-great-tides-waterpark/,ribbon cutting,4,2026-09-16
Opening,Specialty / Other,USA,Registration now open for SPECS 2027!,Chain Store Age,2026-09-16 19:47:11,https://chainstoreage.com/registration-now-open-specs-2027,now open,5,2026-09-16
Opening,Restaurants,USA,El Pollo Loco Announces Grand Opening for Second Albuquerque Restaurant,Yahoo,2026-09-16 19:46:59,https://www.yahoo.com/lifestyle/articles/el-pollo-loco-announces-grand-194659125.html,grand opening,7,2026-09-16
Opening,Gyms / Fitness,Canada,Next Step Gym holds Grand Opening,tippgazette.com,2026-09-16 19:45:30,https://www.tippgazette.com/news/2026/9/next-step-gym-holds-grand-opening,grand opening,7,2026-09-16
Opening,Specialty / Other,USA,BBC Gladiators star Nitro meets families at Harrow Leisure Centre open day,Harrow Online,2026-09-16 19:41:31,https://harrowonline.org/2026/09/16/bbc-gladiators-star-nitro-meets-families-at-harrow-leisure-centre-open-day/,ribbon cutting,2,2026-09-16
Opening,Specialty / Other,Canada,Burlington Retail Store To Open In Twin Falls ID In 2027,107.9 LITE FM,2026-09-16 19:38:44,https://liteonline.com/ixp/94/p/burlington-twin-falls-clothing-home-goods/,under construction,2,2026-09-16
Opening,Restaurants,USA,Disney World’s NEWEST Restaurant Is One Step Closer To Opening,Disney Food Blog,2026-09-16 19:29:08,https://www.disneyfoodblog.com/2026/09/16/disney-worlds-newest-restaurant-is-one-step-closer-to-opening/,grand opening,4,2026-09-16
Opening,Specialty / Other,USA,Slick City Action Park officials target October opening for Humble location,Community Impact,2026-09-16 19:26:07,https://communityimpact.com/lake-houston-humble-kingwood/business/slick-city-action-park-officials-target-october-opening-for-humble-location/,plans to open,2,2026-09-16
Opening,Hospitality,USA,"K9 Resorts To Open Luxury Dog Daycare, Boarding Facility In Dumbo",Patch,2026-09-16 19:15:12,https://patch.com/new-york/williamsburg/k9-resorts-open-luxury-dog-daycare-boarding-facility-dumbo,ribbon cutting,4,2026-09-16
Opening,Specialty / Other,USA,The Countdown to Orlando Begins: Entries Open for the 26th AKC National Championship,markets.businessinsider.com,2026-09-16 19:13:01,https://markets.businessinsider.com/news/stocks/the-countdown-to-orlando-begins-entries-open-for-the-26th-akc-national-championship-1036551522,now open,2,2026-09-16
Closing,Restaurants,USA,Restaurant and bar announces closure,Bucks Free Press,2026-09-16 19:00:00,https://www.bucksfreepress.co.uk/news/26552125.beech-house-amersham-confirms-permanent-closure/,permanent closure,4,2026-09-17
Opening,Specialty / Other,USA,CommuniCore Hall Gets Cheese-Themed Makeover Ahead of Cheers to Cheese Opening at EPCOT,WDWMagic,2026-09-16 18:58:00,https://www.wdwmagic.com/events/international-food-and-wine-festival/news/16sep2026-communicore-hall-gets-cheese-themed-makeover-ahead-of-cheers-to-cheese-opening-at-epcot.htm,permit filed,2,2026-09-16
Opening,Specialty / Other,Canada,Redmond's massive new recreation center The Hub set to open Thursday,Central Oregon Daily,2026-09-16 18:50:00,https://www.centraloregondaily.com/news/redmond/redmond-the-hub-recreation-center-opens/article_1b470aeb-9538-42bc-b218-c57026c5a77b.html,grand opening,2,2026-09-16
Opening,Specialty / Other,Canada,Déjà Nu Aspen debuts first brick-and-mortar location,AspenTimes.com,2026-09-16 18:47:56,https://www.aspentimes.com/news/deja-nu-aspen-debuts-first-brick-and-mortar-location/,grand opening,2,2026-09-16
Closing,Specialty / Other,USA,Another Neshaminy Mall business confirms it will remain open,PhillyBurbs,2026-09-16 18:42:00,https://www.phillyburbs.com/story/business/2026/09/16/neshaminy-mall-bensalem-bucks-county-business-shopping-jean-madeline-aveda-development/91793570007/,closing soon,2,2026-09-17
Opening,Grocery,USA,Another grocery store eyeing expansion into Hutto,The Business Journals,2026-09-16 18:39:00,https://www.bizjournals.com/austin/news/2026/09/16/hutto-grocery-store-aldi-sprouts-trader-joes.html,now open,4,2026-09-16
Closing,Specialty / Other,USA,Khalin Joshi Extends His Lead at Nava Raipur Open,LatestLY,2026-09-16 18:38:18,https://www.latestly.com/agency-news/sports-news-khalin-joshi-extends-his-lead-at-nava-raipur-open-7607452.html/amp,last day,2,2026-09-17
Opening,Grocery,USA,Harris Teeter grocery stores will get dramatic 'modernization' overhaul in '250 by 250' initiative,the-sun.com,2026-09-16 18:28:25,https://www.the-sun.com/money/17014636/harris-teeter-modernization-overhaul-north-carolina-south-carolina/,new store,4,2026-09-16
Opening,Restaurants,USA,A Michelin-Recommended Szechuan Restaurant Has Opened on the UWS,iLovetheUpperWestSide.com,2026-09-16 18:23:17,https://www.ilovetheupperwestside.com/a-michelin-recommended-szechuan-restaurant-has-opened-on-the-uws/,coming soon,4,2026-09-16
Closing,Restaurants,USA,St. Louis Irish restaurant O’Connell’s Pub to close doors,FOX 2,2026-09-16 18:22:06,https://fox2now.com/news/missouri/st-louis-irish-restaurant-oconnells-pub-to-close-doors/,last day,4,2026-09-17
Opening,Specialty / Other,USA,Union Day School breaks ground on $12.7 million expansion,Charlotte Media Group,2026-09-16 18:15:00,https://www.thecharlotteweekly.com/ucweekly/union-day-school-breaks-ground-on-12-7-million-expansion/article_8d20f54b-864b-4f26-9e50-bf1a09450cc4.html,breaks ground,5,2026-09-16
Opening,Restaurants,USA,Japanese restaurant opens location at Heartland Town Centre in Mississauga,INsauga,2026-09-16 18:12:07,https://www.insauga.com/japanese-restaurant-opens-location-at-heartland-town-centre-in-mississauga/,grand opening,4,2026-09-16
Opening,Specialty / Other,USA,Culver's to break ground on new Middleton location,WKOW,2026-09-16 18:06:00,https://www.wkow.com/news/culvers-to-break-ground-on-new-middleton-location/article_053c3ad3-59b3-4813-be44-07a0dbea24e0.html,groundbreaking ceremony,2,2026-09-16
Opening,Specialty / Other,Canada,Lowe’s Breaks Ground on New Frederick Store,WhatNow,2026-09-16 18:04:29,https://whatnow.com/denver/retail/lowes-breaks-ground-on-new-frederick-store/,new store,2,2026-09-16
Opening,Grocery,USA,New Asian grocery store about to open in Toronto,INsauga,2026-09-16 18:00:26,https://www.insauga.com/new-asian-grocery-store-about-to-open-in-toronto/,grand opening,4,2026-09-16
Opening,Specialty / Other,USA,New Furniture Outlet Opens at Ellsworth Place in Downtown Silver Spring,The MoCo Show -,2026-09-16 18:00:02,https://mocoshow.com/2026/09/16/new-furniture-outlet-opens-at-ellsworth-place-in-downtown-silver-spring/,new store,2,2026-09-16
Opening,Restaurants,Canada,"These new burger, chicken and Mexican fast food restaurants to open in Conway",Myrtle Beach Sun News,2026-09-16 17:58:54,https://www.myrtlebeachonline.com/life/restaurants/article317267221.html,new store,4,2026-09-16
Opening,Restaurants,USA,"Chick-fil-A Announces New Coralville Restaurant, Opening Oct. 1",Chick-fil-A,2026-09-16 17:57:00,https://www.chick-fil-a.com/press-room/announcing-chick-fil-a-iowa-river,new location,4,2026-09-16
Opening,Specialty / Other,USA,Food Lion top open 6 additional locations before year’s end,Drug Store News,2026-09-16 17:51:21,https://drugstorenews.com/food-lion-top-open-6-additional-locations-years-end,new store,2,2026-09-16
Closing,Specialty / Other,USA,"Portland Pie Company in Westbrook, Maine, to Close Permanently",WJBQ,2026-09-16 17:44:03,https://wjbq.com/ixp/698/p/portland-pie-westbrook-maine-closing-pizza/,last day,2,2026-09-17
Opening,Restaurants,USA,"Adria Restaurant Closes Upper East Side Location, Eyes Reopening",Patch,2026-09-16 17:38:06,https://patch.com/new-york/upper-east-side-nyc/amp/34839674/adria-restaurant-closes-upper-east-side-location-eyes-reopening,breaks ground,4,2026-09-16
Opening,Specialty / Other,USA,Uncertainty surrounds opening of new store and cafe at former M&S in Middlesbrough,Teesside Live,2026-09-16 17:36:46,https://www.gazettelive.co.uk/news/teesside-news/ideal-home-linthorpe-road-middlesbrough-34626926,new store,5,2026-09-16
Opening,Restaurants,USA,Popular Mexican restaurant opening first Ontario location outside of Toronto,INsauga,2026-09-16 17:32:16,https://www.insauga.com/popular-mexican-restaurant-opening-first-ontario-location-outside-of-toronto/,new location,4,2026-09-16
Opening,Specialty / Other,USA,Regent Bora Bora to open in late 2027: 84 overwater villas on a private motu,larevuedeshotels.com,2026-09-16 17:21:10,https://larevuedeshotels.com/en/regent-bora-bora-open-late-2027-84-overwater-villas-private-motu,coming soon,2,2026-09-16
Closing,Restaurants,USA,"Casual Mexican restaurant chain closes more locations, 3 remain",Yahoo Finance Singapore,2026-09-16 17:17:00,https://sg.finance.yahoo.com/news/casual-mexican-restaurant-chain-closes-171700483.html,chapter 11,4,2026-09-17
Opening,Jewelry & Accessories,Canada,Halie and Co Jewelry Store Moving to New Location in Eastern Market,WhatNow,2026-09-16 17:11:03,https://whatnow.com/detroit/retail/halie-and-co-jewelry-store-moving-to-new-location-in-eastern-market/,new store,4,2026-09-16
Opening,Specialty / Other,USA,Western luxury outfitter Overland Sheepskin to open new store in Sonoma,The Press Democrat,2026-09-16 17:09:45,https://www.pressdemocrat.com/2026/09/16/western-luxury-outfitter-overland-sheepskin-to-open-new-store-in-sonoma/,new store,5,2026-09-16
Opening,Specialty / Other,USA,"Ripley County Film Fest Moves to February 2027, Film Submissions Now Open",Eagle Country 99.3,2026-09-16 17:05:10,https://www.eaglecountryonline.com/news/local-news/ripley-county-film-fest-moves-to-february-2027-film-submissions-now-open/,now open,5,2026-09-16
Opening,Grocery,USA,New supermarket could open despite fears busy road could be made 'far worse',Cambridge News,2026-09-16 17:05:00,https://www.cambridge-news.co.uk/news/local-news/new-supermarket-could-open-despite-34625138,plans to open,4,2026-09-16
Opening,Specialty / Other,USA,Lou Malnati's St. Charles Opening Targeted For Late October,Patch,2026-09-16 17:04:38,https://patch.com/illinois/stcharles-il/lou-malnati-s-st-charles-opening-targeted-late-october,under construction,2,2026-09-16
Opening,Specialty / Other,Canada,Aldi to open in Daytona Beach Shores soon. Here's where else,Daytona Beach News-Journal,2026-09-16 16:53:00,https://www.news-journalonline.com/story/news/local/volusia/2026/09/16/aldis-stores-coming-to-volusia-and-neighboring-county/91779284007/,grand opening,2,2026-09-16
Opening,Specialty / Other,Canada,Del Taco Opens First Indiana Location in Bedford,Hoodline,2026-09-16 16:44:08,https://hoodline.com/2026/09/del-taco-debuts-first-indiana-store-in-bedford-two-free-tacos-a-week-for-a-year-up-for-grabs/,new store,2,2026-09-16
Opening,Specialty / Other,USA,"Caribe Royale Orlando Celebrates 30 Years With a Reimagined Venetian Chop House, New Villas and a Stadium Club Expansion",Fantasy Land News,2026-09-16 16:39:51,https://www.fantasylandnews.com/2026/09/16/caribe-royale-orlando-celebrates-30-years-with-a-reimagined-venetian-chop-house-new-villas-and-a-stadium-club-expansion/,coming soon,2,2026-09-16
Opening,Hospitality,Canada,The Opening of Jayasom Wellness Resort Advancing AMAALA’s Wellness Vision,PA Media,2026-09-16 16:37:34,https://pressreleasehub.pa.media/article/the-opening-of-jayasom-wellness-resort-advancing-amaalas-wellness-vision-83487.html,opening soon,4,2026-09-16
Opening,Restaurants,USA,This Lebanese-Inspired Restaurant Just Opened Its 50th Location in Brooklyn,whatnow.com,2026-09-16 16:36:57,https://whatnow.com/new-york/restaurants/this-lebanese-inspired-restaurant-just-opened-its-50th-location-in-brooklyn/,grand opening,4,2026-09-16
Opening,Hospitality,USA,Deer Valley Resort plans Dec. 5 opening date,Park Record,2026-09-16 16:33:09,https://www.parkrecord.com/2026/09/16/deer-valley-resort-plans-dec-5-opening-date/,plans to open,4,2026-09-16
Opening,Specialty / Other,Canada,"SWFM announces dates, new location for 2027 event",Floor Covering News,2026-09-16 16:30:05,https://www.fcnews.net/2026/09/swfm-announces-dates-new-location-for-2027-event/,new location,5,2026-09-16
Opening,Specialty / Other,USA,Public information meeting ahead for new Lidl store on Laois border,Leinster Express,2026-09-16 16:25:00,https://www.leinsterexpress.ie/news/business/public-information-meeting-ahead-for-new-lidl-store-on-laois-border-9065683,new store,2,2026-09-16
Closing,Restaurants,USA,As More Red Lobster Restaurants Close The Repurpose Of Its Real Estate Accelerates,Substack,2026-09-16 16:14:21,https://jasonmiller15.substack.com/p/as-more-red-lobster-restaurants-close,chapter 11,4,2026-09-17
Opening,"Hospitality, Restaurants",USA,"Want to try a camel burger? Restaurant at Poland Spring Resort to stay open all year, with some unusual offerings",sunjournal.com,2026-09-16 16:12:54,https://www.sunjournal.com/2026/09/16/want-to-try-a-camel-burger-restaurant-at-poland-spring-resort-to-stay-open-all-year-with-some-unusual-offerings/,plans to open,4,2026-09-16
Opening,Specialty / Other,USA,SC’s first Shake Shack to open in North Charleston,Live 5 News,2026-09-16 16:05:00,https://www.live5news.com/2026/09/16/scs-first-shake-shack-open-north-charleston/,grand opening,2,2026-09-16
Opening,Specialty / Other,USA,Taqueria now open on Main Street in North Little Rock’s Argenta District,Northwest Arkansas Democrat-Gazette,2026-09-16 15:56:00,https://www.nwaonline.com/news/2026/sep/16/taqueria-now-open-on-main-street-in-north-little/,now open,5,2026-09-16
Opening,Specialty / Other,Canada,Dueling piano bar Park Bench to open second Atlanta location,The Business Journals,2026-09-16 15:54:00,https://www.bizjournals.com/atlanta/news/2026/09/16/park-bench-second-location-downtown.html,new location,2,2026-09-16
Closing,Specialty / Other,Canada,Uncertainty surrounds opening of new store and cafe at former M&S in Middlesbrough,Teesside Live,2026-09-16 15:53:00,https://www.gazettelive.co.uk/news/teesside-news/ideal-home-linthorpe-road-middlesbrough-34626926.amp,shutters,2,2026-09-17
Closing,Specialty / Other,USA,"NY Knicks set $1,000 price for opening night tickets",PIX11,2026-09-16 15:35:30,https://pix11.com/news/local-news/ny-knicks-set-1000-price-for-opening-night-tickets/amp/,last day,2,2026-09-17
Opening,Specialty / Other,USA,Distinctly Local: The Clayfield Opening in Niagara-on-the-Lake,TravelPulse Canada,2026-09-16 15:30:00,https://www.travelpulse.ca/news/hotels-and-resorts/distinctly-local-the-clayfield-opening-in-niagara-on-the-lake,ribbon cutting,2,2026-09-16
Opening,Grocery,USA,"More townhomes, apartments, grocery store coming to LPGA area",Daytona Beach News-Journal,2026-09-16 15:26:00,https://www.news-journalonline.com/story/business/2026/09/16/the-entrada-development-daytona-beach/91772874007/,under construction,4,2026-09-16
Opening,Restaurants,USA,Guaca Go restaurant opens new Royal Palm Beach location on National Guacamole Day,wflx.com,2026-09-16 15:23:11,https://www.wflx.com/2026/09/16/guaca-go-restaurant-opens-new-royal-palm-beach-location-national-guacamole-day/,ribbon cutting,4,2026-09-16
Opening,Specialty / Other,USA,New No Frills opening in Toronto neighbourhood,INsauga,2026-09-16 15:17:08,https://www.insauga.com/new-no-frills-opening-in-toronto-neighbourhood/,grand opening,2,2026-09-16
Opening,Restaurants,USA,Mo’ Bettahs to open seventh Oklahoma restaurant in OKC,The Journal Record,2026-09-16 15:16:38,https://journalrecord.com/2026/09/16/mo-bettahs-seventh-oklahoma-restaurant/,grand opening,4,2026-09-16
Opening,Specialty / Other,USA,Disney World’s Jellyrolls Replacement Lights Up Ahead of October 1 Opening,Inside the Magic,2026-09-16 15:14:33,https://insidethemagic.net/2026/09/disney-worlds-jellyrolls-replacement-lights-up-ahead-of-october-1-opening-bwb1/,new location,2,2026-09-16
Opening,Specialty / Other,USA,Costco confirms its Lawrence store will open on Oct. 29,Lawrence Journal-World,2026-09-16 15:11:00,https://www2.ljworld.com/news/general-news/2026/sep/16/costco-confirms-its-lawrence-store-will-open-on-oct-29/,new store,2,2026-09-16
Opening,Hospitality,USA,Universal Beijing Resort's Park Expansion Will Include 'Fast & Furious' Dark Ride and Nighttime Lagoon Show,WDW News Today,2026-09-16 15:09:33,https://wdwnt.com/2026/09/universal-beijing-resorts-park-expansion-will-include-fast-furious-dark-ride-and-nighttime-lagoon-show/,soft opening,4,2026-09-16
Closing,Specialty / Other,USA,"Specialty clothing retailer closing stores nationwide, see which states are affected",AL.com,2026-09-16 15:05:00,https://www.al.com/business/2026/09/specialty-clothing-retailer-closing-stores-nationwide-see-which-states-are-affected.html,closing stores,5,2026-09-17
Opening,Specialty / Other,USA,Mothman Statue creator’s daughter opens new Point Pleasant store,register-herald.com,2026-09-16 15:02:00,https://www.register-herald.com/news/state_region/mothman-statue-creator-s-daughter-opens-new-point-pleasant-store/article_02a32f7f-7b6b-4022-8bbe-9346bd8f1337.html,new store,2,2026-09-16
Opening,Specialty / Other,USA,Athleisure brand Alo's new store is now open in Leawood,Johnson County Post,2026-09-16 15:00:39,https://johnsoncountypost.com/2026/09/16/leawood-alo-open-296362/,now open,5,2026-09-16
Closing,Specialty / Other,USA,"Wheeler Post Office had mold, asbestos before closure, spokesperson says",nwitimes.com,2026-09-16 15:00:00,https://nwitimes.com/news/local/porter/article_2e15f1ee-c32d-4478-bf2d-c91e5f749471.html,permanent closure,2,2026-09-17
Opening,Specialty / Other,USA,Scottsdale Italian hotspot to open second Valley location this fall,Phoenix New Times,2026-09-16 15:00:00,https://www.phoenixnewtimes.com/food-drink/popular-scottsdale-italian-restaurant-opening-in-uptown-phoenix-40698653/,now open,2,2026-09-16
Opening,Specialty / Other,Canada,New York’s first Chicken Salad Chick to open next week in Clifton Park,Times Union,2026-09-16 14:59:33,https://www.timesunion.com/business/article/new-york-s-first-chicken-salad-chick-open-next-22432851.php,opening soon,2,2026-09-16
Opening,Grocery,USA,ALDI to open first full-service grocery store in Immokalee since 2025,WINK News,2026-09-16 14:47:00,https://www.winknews.com/news/collier/aldi-to-open-first-full-service-grocery-store-in-immokalee-since-2025/article_c897a6fc-68e8-4c05-b88b-b8320c73850b.html,ribbon cutting,4,2026-09-16
Opening,Grocery,Canada,ALDI to open in Immokalee; bringing first full-service grocery store since 2025,WINK News,2026-09-16 14:47:00,https://www.winknews.com/news/collier/aldi-to-open-in-immokalee-bringing-first-full-service-grocery-store-since-2025/article_c897a6fc-68e8-4c05-b88b-b8320c73850b.html,new location,4,2026-09-16
Opening,Convenience Stores / Distributors,Canada,Sheetz opens new $8 million fuel center/convenience store in Shelby Twp.,thenewsherald.com,2026-09-16 14:44:35,https://www.thenewsherald.com/2026/09/16/sheetz-opens-new-8-million-fuel-center-convenience-store-in-shelby-twp/,grand opening,4,2026-09-16
Opening,Convenience Stores / Distributors,Canada,United Refining builds new loyalty program for Kwik Fill c-stores,C-Store Dive,2026-09-16 14:42:03,https://www.cstoredive.com/news/united-refining-builds-new-loyalty-program-for-kwik-fill-c-stores/830474/,build out,4,2026-09-16
Opening,Restaurants,USA,Internationally renowned restaurant chain opens third Massachusetts location,Boston 25 News,2026-09-16 14:28:47,https://www.boston25news.com/news/local/internationally-renowned-restaurant-chain-opens-third-massachusetts-location/UHZGC5DAEJGQDIPZSLL7VKRUYA/,new location,4,2026-09-16
Opening,Specialty / Other,Canada,"This Popular Disney Bar Is Under Construction, But It’s Still Open!",Disney Food Blog,2026-09-16 14:21:40,https://www.disneyfoodblog.com/2026/09/16/this-popular-disney-bar-is-under-construction-but-its-still-open/,under construction,5,2026-09-16
Opening,Specialty / Other,USA,"Wawa opening third New Hanover County location Thursday with free coffee, T-shirts",WWAYTV3,2026-09-16 14:19:16,https://www.wwaytv3.com/wawa-opening-third-new-hanover-county-location-thursday-with-free-coffee-t-shirts/,plans to open,2,2026-09-16
Opening,Hospitality,USA,Anantara Jadcherla Hyderabad Resort to Open in 2029,Hotel News Resource,2026-09-16 14:14:14,https://www.hotelnewsresource.com/article142911.html,plans to open,4,2026-09-16
Opening,Books / Toys / Gaming,Canada,New Bookstore Opening Soon In Southbury: What To Know,Patch,2026-09-16 14:05:51,https://patch.com/connecticut/southbury/new-bookstore-opening-soon-southbury-what-know,grand opening,4,2026-09-16
Closing,Specialty / Other,USA,Update on the new Lexington General Store,lexingtonleader.com,2026-09-16 14:01:28,https://www.lexingtonleader.com/articles/update-on-the-new-lexington-general-store/,store closing,2,2026-09-17
Closing,Furniture / Mattress,USA,Lee County’s Favorite Furniture Store Closing,lexingtonleader.com,2026-09-16 14:01:28,https://www.lexingtonleader.com/articles/lee-countys-favorite-furniture-store-closing/,store closing,7,2026-09-17
Opening,Specialty / Other,USA,Open for Business,Noisy Pixel,2026-09-16 14:00:41,https://noisypixel.net/dragon-quest-heroes-tornekos-mystery-dungeon-classic-hd-review/,open for business,5,2026-09-16
Opening,Specialty / Other,USA,CaroMont Health plans to open SC hospital in 2031,Business North Carolina,2026-09-16 14:00:17,https://businessnc.com/caromont-health-plans-to-open-sc-hospital-in-2031/,plans to open,5,2026-09-16
Opening,Specialty / Other,USA,Open Jaw,Open Jaw,2026-09-16 13:57:11,https://openjaw.com/buzz-board/2026/09/16/the-clayfield-opens-in-niagara-on-the-lake/,now open,2,2026-09-16
Opening,Specialty / Other,USA,Cranford Square Pizza Is Open,TAPinto,2026-09-16 13:55:54,https://www.tapinto.net/towns/cranford/sections/food-and-drink/articles/cranford-square-pizza-is-open-and-it-s-serving-something-different,ribbon cutting,2,2026-09-16
Opening,Gyms / Fitness,USA,Warwickshire-based gym opens 10th location in Solihull marking 'major milestone',warwick.nub.news,2026-09-16 13:55:00,https://warwick.nub.news/news/local-news/sp11331-warwickshire-based-gym-opens-10th-location-in-solihull-308346,now open,4,2026-09-16
Opening,Specialty / Other,USA,Milledgeville’s Jack in the Box opening Sept. 21,unionrecorder.com,2026-09-16 13:38:30,https://unionrecorder.com/2026/09/16/milledgevilles-jack-in-the-box-opening-sept-21/,grand opening,2,2026-09-16
Opening,Specialty / Other,USA,Monaco’s JouéClub to Close in Fontvieille After 25 Years as Owner Plans New Independent Store,Nice-Matin,2026-09-16 13:37:36,https://www.nicematin.com/en/consumer/shopping/monaco-s-joueclub-to-close-in-fontvieille-after-25-years-as-owner-plans-new-independent-store-10724660,plans to open,2,2026-09-16
Closing,Specialty / Other,USA,Mountain View’s Century 16 theaters are closing next week,East Bay Times,2026-09-16 13:34:18,https://www.eastbaytimes.com/2026/09/16/mountain-views-century-16-theaters-are-closing-next-week-for-now/amp/,last day,2,2026-09-17
Opening,Specialty / Other,USA,Popular California Restaurant Chain Expanding to Las Vegas Strip,travelhost.com,2026-09-16 13:33:00,https://travelhost.com/dining/panini-kabob-grill-las-vegas-expansion,expanding to,5,2026-09-16
Opening,Specialty / Other,USA,JPMorgan Chase buys $2.8 million of land to construct new branch,The Business Journals,2026-09-16 13:33:00,https://www.bizjournals.com/dayton/news/2026/09/16/jpmorgan-chasebank-new-branch-construct-land-buy.html,plans to open,2,2026-09-16
Opening,Hospitality,USA,"Winter Park Resort, CO, Extends Opening Hours for 2026-27 Season",snowbrains.com,2026-09-16 13:32:25,https://snowbrains.com/winter-park-resort-2026-27-season/,now open,4,2026-09-16
Closing,Specialty / Other,USA,Crossways Brewers Fayre Caerphilly site for sale £675000 following closure,caerphilly.observer,2026-09-16 13:17:14,https://caerphilly.observer/news/1062344/crossways-brewers-fayre-caerphilly-site-for-sale-675000-following-closure/,permanent closure,2,2026-09-17
Closing,Specialty / Other,USA,Discount retailer closes stores in several states,thestreet.com,2026-09-16 13:17:00,https://www.thestreet.com/retail/tj-maxx-store-closures,closing locations,2,2026-09-17
Opening,Restaurants,USA,"DiMaggio’s Italian Restaurant to expand to Phoenix’s Uptown Plaza, looks at more growth",The Business Journals,2026-09-16 13:15:00,https://www.bizjournals.com/phoenix/news/2026/09/16/dimaggio-s-italian-restaurant-new-location-phoenix.html,new location,4,2026-09-16
Closing,Restaurants,USA,Burger King shuttered more restaurants than it opened last year. See where they’re located,AL.com,2026-09-16 13:03:00,https://www.al.com/business/2026/09/burger-king-shuttered-more-restaurants-than-it-opened-last-year-see-where-theyre-located.html,closing stores,4,2026-09-17
Opening,Specialty / Other,USA,"Apple Car Keys expanding to Lincoln, Lucid, and Freelander",MacDailyNews,2026-09-16 13:00:06,https://macdailynews.com/2026/09/16/apple-car-keys-expanding-to-lincoln-lucid-and-freelander/,expanding to,5,2026-09-16
Opening,Specialty / Other,Canada,14 beloved Sarasota restaurants that closed in 2026,Sarasota Herald-Tribune,2026-09-16 12:53:00,https://www.heraldtribune.com/picture-gallery/entertainment/dining/2026/09/16/14-beloved-sarasota-restaurants-that-closed-in-2026/91788626007/,plans to open,2,2026-09-16
Opening,Specialty / Other,USA,New store has die-hard fanbase,facebook.com,2026-09-16 12:51:26,https://www.facebook.com/theliverpoolecho/posts/new-store-has-die-hard-fanbase/1436301921929413/,new store,5,2026-09-16
Opening,Specialty / Other,USA,EBG Group enters toy segment with Adhira & Appa Toys; plans ₹50 crore expansion,India Retailing,2026-09-16 12:42:47,https://www.indiaretailing.com/ebg-group-enters-toy-segment-with-adhira--appa-toys-plans-50-crore-expansion,new store,2,2026-09-16
Opening,Specialty / Other,USA,2 New Food Concepts Now Open in Former Better Days Space in Jersey City,Hoboken Girl,2026-09-16 12:39:25,https://www.hobokengirl.com/bembe-steaks-shakes-harmony-jersey-city-nj/,now open,5,2026-09-16
Closing,Specialty / Other,Canada,"Scrubs & Beyond stores are closing: Clothing retailer says all locations will shutter, offers no explanation",Fast Company,2026-09-16 12:38:13,https://www.fastcompany.com/91608235/scrubs-and-beyond-closing-stores-list-doomed-locations-grows,closing stores,2,2026-09-17
Opening,Retail REITs,USA,Dm Italia opens a new store at Il Grifone Shopping Center in Bassano del Grappa (Vi),distribuzionemoderna.info,2026-09-16 12:10:15,https://distribuzionemoderna.info/en/openings/dm-italia-opens-a-new-store-at-il-grifone-shopping-center-in-bassano-del-grappa-vi,new store,7,2026-09-16
Closing,Specialty / Other,USA,Best blind/shutter store: Best of Orange County 2026,Orange County Register,2026-09-16 11:53:12,https://www.ocregister.com/2026/09/16/best-blind-shutter-store-best-of-orange-county-2026/,shutters,2,2026-09-17
Opening,Specialty / Other,USA,Can one rooftop sign stop a famous BBQ joint from opening?,mysanantonio.com,2026-09-16 11:50:21,https://www.mysanantonio.com/business/article/mad-jacks-barbecue-johnson-city-22432680.php,grand opening,2,2026-09-16
Opening,Restaurants,Canada,New Korean restaurant to open in Worthing,SussexWorld,2026-09-16 11:32:00,https://www.eastbourneherald.co.uk/business/consumer/new-korean-restaurant-to-open-in-worthing-9065538,opening soon,4,2026-09-16
Opening,Restaurants,USA,Fresh attempt to open restaurant on water at Christchurch Quay heard at meeting,Bournemouth Echo,2026-09-16 11:29:26,https://www.bournemouthecho.co.uk/news/26555236.plans-floating-restaurant-christchurch-quay-heard/,plans to open,4,2026-09-16
Opening,Specialty / Other,Canada,‘Residents will be suffering’ if plans to open a bar until early hours is granted,Bournemouth Echo,2026-09-16 11:25:06,https://www.bournemouthecho.co.uk/news/26555211.poole-committee-hears-late-night-music-plans-magna-carta/,plans to open,5,2026-09-16
Closing,Specialty / Other,USA,Target debuts style-focused apparel for store associates,Retail Dive,2026-09-16 11:23:22,https://www.retaildive.com/news/target-style-focused-apparel-store-associates-isaac-mizrahi/830436/,chapter 11,2,2026-09-17
Opening,Grocery,USA,Major supermarket retailer plans new store on Weston-super-Mare seafront,Weston Mercury,2026-09-16 11:00:00,https://www.thewestonmercury.co.uk/news/26554007.tesco-express-planned-weston-seafront-beach-road-site/,new store,7,2026-09-16
Opening,Specialty / Other,Canada,"Ollie’s Bargain Outlet Is Opening a Waterville, Maine Location",92 Moose,2026-09-16 10:57:42,https://92moose.fm/ollies-bargain-outlet-waterville-maine/,new store,2,2026-09-16
Opening,Specialty / Other,USA,Pike Creek sports bar P.J. Whelihan's will open soon. What we know,Delawareonline.com,2026-09-16 10:55:00,https://www.delawareonline.com/story/life/food/2026/09/16/delawares-1st-p-j-whelihans-pub-restaurant-sets-opening-date/91776012007/,coming soon,2,2026-09-16
Opening,Specialty / Other,Canada,Lux Beauty Supply is Opening a Brand New East Side Location,WhatNow,2026-09-16 10:46:06,https://whatnow.com/las-vegas/retail/lux-beauty-supply-is-opening-a-brand-new-east-side-location/,new store,2,2026-09-16
Opening,Sporting Goods,USA,Littleton city council approves tax incentive for Scheels sporting goods store,9News,2026-09-16 10:44:00,https://www.9news.com/article/money/business/scheels-store-littleton-tax-incentive/73-c85ec976-651f-4b3c-b66c-fb919114aea7,new store,4,2026-09-16
Opening,Specialty / Other,USA,Selfridges’ Christmas Shop is now open!,A1 Retail Magazine,2026-09-16 10:38:10,https://www.a1retailmagazine.com/christmas/selfridges-christmas-shop-is-now-open/,now open,5,2026-09-16
Opening,Restaurants,USA,A New Restaurant Has Opened Inside New York’s Public Theater,whatnow.com,2026-09-16 10:19:23,https://whatnow.com/new-york/restaurants/a-new-restaurant-has-opened-inside-new-yorks-public-theater/,now open,4,2026-09-16
Opening,Specialty / Other,USA,CARNE Now Open With Maximum Meat in Live Oak,Edible Monterey Bay,2026-09-16 10:12:39,https://ediblemontereybay.com/blog/carne-now-open-with-maximum-meat-in-live-oak/,now open,5,2026-09-16
Opening,Specialty / Other,Canada,$5 million fitness facility expected to open in Visalia late this year,Visalia Times-Delta,2026-09-16 10:06:00,https://www.visaliatimesdelta.com/story/news/local/2026/09/16/crunch-visalia-5m-fitness-gym-opening-2026/91718324007/,grand opening,2,2026-09-16
Opening,Specialty / Other,USA,Ace Hardware opens Stow location in former RSVP spot,Akron Beacon Journal,2026-09-16 10:05:00,https://www.beaconjournal.com/story/news/local/2026/09/16/stow-ace-hardware-open-for-business-in-fishcreek-plaza/91780357007/,grand opening,2,2026-09-16
Opening,Specialty / Other,USA,Costa Coffee confirms it is leaving Primark but will be opening a new branch soon,Yahoo News UK,2026-09-16 10:01:13,https://uk.news.yahoo.com/costa-coffee-confirms-leaving-primark-100113527.html,new store,2,2026-09-16
Opening,Specialty / Other,USA,Salata files plans for first New Braunfels location,The Business Journals,2026-09-16 10:00:00,https://www.bizjournals.com/sanantonio/news/2026/09/16/salata-to-open-new-braunfels-location-expansion.html,plans to open,2,2026-09-16
Opening,Grocery,USA,New supermarket's 'grand opening' confirmed for next week,Watford Observer,2026-09-16 10:00:00,https://www.watfordobserver.co.uk/leisure/26554216.rickmansworths-malar-supermarket-opening-date-confirmed/,grand opening,7,2026-09-16
Opening,Specialty / Other,USA,from theme parks to waterparks & secret open days,The Irish Sun,2026-09-16 09:52:23,https://www.thesun.ie/travel/17627202/best-theme-park-indoor-waterparks-halloween-events-autumn/,open for business,2,2026-09-16
Opening,Hospitality,USA,Savannah hotel set to open Wednesday after 10th-floor fire,WJCL,2026-09-16 09:51:00,https://www.wjcl.com/article/savannah-hotel-opening-after-fire-evacuation/73756405,grand opening,4,2026-09-16
Closing,Specialty / Other,USA,M&S confirms permanent closure of fire-damaged store,Yahoo News Canada,2026-09-16 09:36:50,https://ca.news.yahoo.com/m-confirms-permanent-closure-fire-093650165.html,permanent closure,5,2026-09-17
Closing,Specialty / Other,USA,M&S confirm permanent closure of fire-damaged Thurmaston store,BBC,2026-09-16 09:36:46,http://news.bbc.co.uk/news/articles/cmwyz1g3g8ezo,permanent closure,5,2026-09-17
Opening,Specialty / Other,USA,Franchise News: Jus’ Jumpin’ Opens 4 Outlets in Hyderabad Within 40 Days,Indian Retailer,2026-09-16 09:32:08,https://www.indianretailer.com/franchisetv/archives/news/franchise-news-jus-jumpin-opens-4-outlets-hyderabad-within-40-days,now open,2,2026-09-16
Closing,Specialty / Other,USA,"Four Denny's franchises in Minnesota close, but chain talks comeback",St. Cloud Times,2026-09-16 09:30:00,https://www.sctimes.com/story/news/local/minnesota/2026/09/16/5-dennys-in-minnesota-wisconsin-close-but-chain-pushes-new-narrative/91777263007/,bankruptcy,2,2026-09-17
Opening,"Grocery, Mass Merchandisers",USA,More than €40 million is being invested in one of Berlin’s largest malls—with a popular discount store and an XXL supermarket set to open in September,Secret Berlin,2026-09-16 09:30:00,https://secretberlin.co/en/mall-of-berlin-renovation-rewe-new-yorker-2/,new store,4,2026-09-16
Opening,Restaurants,USA,Local sports bar with over 15 locations in the GTA is opening a new waterfront restaurant,Toronto.com,2026-09-16 09:30:00,https://www.toronto.com/things-to-do/food-and-drink/gabbys-queens-quay-opening/article_539a9b4f-17e6-5fea-95c8-bba45021a9df.html,new location,4,2026-09-16
Opening,Specialty / Other,USA,Formula 1 schedules 2027 season-opening race in Bahrain in March despite Middle East uncertainty,Daily Jefferson County Union,2026-09-16 09:11:17,https://www.dailyunion.com/sports/national/formula-1-schedules-2027-season-opening-race-in-bahrain-in-march-despite-middle-east-uncertainty/article_fae3e66a-e6d6-5c4c-9378-2e96458edc9b.html,plans to open,2,2026-09-16
Opening,Hospitality,USA,Hyatt to open Grand Hyatt Cancun Beach Resort in Mexico,Hotel Management Network,2026-09-16 09:09:30,https://www.hotelmanagement-network.com/news/hyatt-to-open-grand-hyatt-cancun-beach-resort-in-mexico/,plans to open,4,2026-09-16
Opening,Drug Retailers,USA,What's that replacing Long's Drug Store in Bearden?,Knoxville News Sentinel,2026-09-16 09:01:00,https://www.knoxnews.com/story/money/business/2026/09/16/whats-that-replacing-longs-drug-store-in-bearden/91106274007/,new store,4,2026-09-16
Opening,Specialty / Other,USA,European Bike Show Cologne 2027: bookings now open,velodisco.com,2026-09-16 09:00:00,https://www.velodisco.com/en/the-bike-industry-opens-bookings-for-its-new-cologne-trade-show/,now open,5,2026-09-16
Opening,Specialty / Other,Canada,Woody’s Bar-B-Q to close original site,Jacksonville Daily Record,2026-09-16 09:00:00,https://www.jaxdailyrecord.com/news/2026/sep/16/woodys-bar-b-q-to-close-original-site/,plans to open,2,2026-09-16
Opening,Specialty / Other,USA,"As opening day of Trader Joe's in Lafayette nears, here's what items our readers suggest trying",The Advocate,2026-09-16 09:00:00,https://www.theadvocate.com/acadiana/entertainment_life/food/trader-joes-opening-lafayette-recommendations/article_e039eb32-1c47-40c9-98bd-e502974e485a.html,grand opening,2,2026-09-16
Opening,Restaurants,Canada,New dumpling restaurant from familiar Charleston operators to open soon in Mount Pleasant,Post and Courier,2026-09-16 09:00:00,https://www.postandcourier.com/food/loong-yan-dim-sum-dumplings-charleston/article_e1945f3a-080f-4aff-aa04-02d77c40109f.html,opening soon,4,2026-09-16
Opening,Specialty / Other,USA,Wawa to open new Winslow store while closing old site,Burlington County Times,2026-09-16 08:48:00,https://www.burlingtoncountytimes.com/story/money/business/2026/09/16/new-wawa-winslow-white-horse-pike-waterford-blue-anchor-road/91761509007/,new store,2,2026-09-16
Opening,Restaurants,USA,This Brazilian steakhouse plans to open restaurant at Natick Mall,MetroWest Daily News,2026-09-16 08:46:00,https://www.metrowestdailynews.com/story/entertainment/dining/2026/09/16/brazilian-steakhouse-alma-gaucha-open-restaurant-natick-ma-mall/91717052007/,plans to open,7,2026-09-16
Opening,Books / Toys / Gaming,USA,New Bookstore Reverie Room Opening in St. Petersburg,WhatNow,2026-09-16 08:23:24,https://whatnow.com/tampa/retail/new-bookstore-reverie-room-opening-in-st-petersburg/,opening soon,4,2026-09-16
Opening,Specialty / Other,USA,Cafe’s grand opening comes with free coffees and croissants,perthnow.com.au,2026-09-16 08:00:00,https://www.perthnow.com.au/community-news/western-suburbs-weekly/at-shenton-new-shenton-park-cafe-offering-free-coffees-croissants-and-big-discounts-over-opening-weekend-c-22874515,grand opening,5,2026-09-16
Opening,Grocery,USA,New Lidl supermarket set to open in Dunmow after Tesco objected to plans,Essex Live,2026-09-16 07:28:17,https://www.essexlive.news/news/essex-news/new-lidl-supermarket-set-open-11157267,new store,4,2026-09-16
Closing,Specialty / Other,USA,Residents react to possible permanent closure of Orchards Mall post office,WNDU,2026-09-16 07:19:16,https://www.wndu.com/2026/09/15/residents-react-possible-closure-orchards-mall-post-office/,permanent closure,5,2026-09-17
Opening,Specialty / Other,Canada,Save-A-Lot closes entire store & launches 20% off sale after 20 years of service,the-sun.com,2026-09-16 07:17:04,https://www.the-sun.com/money/17011090/save-a-lot-closes-store-discount-grocer-sale/,new location,2,2026-09-16
Opening,Grocery,USA,Electric check-out: Coles opens greener grocery store,inkl,2026-09-16 07:10:20,https://www.inkl.com/news/electric-check-out-coles-opens-greener-grocery-store,new store,4,2026-09-16
Opening,Hospitality,USA,Now Open: Park Street Bistro at Kurrajong Hotel,Concrete Playground,2026-09-16 06:53:45,https://concreteplayground.com/melbourne/restaurants/park-street-bistro/amp,now open,7,2026-09-16
Opening,Specialty / Other,USA,Converse Opens 2 Next-Generation Stores in Nanjing and Shanghai,Retail News Asia,2026-09-16 06:12:02,https://retailnews.asia/converse-opens-2-next-generation-stores-in-nanjing-and-shanghai,new store,2,2026-09-16
Opening,Specialty / Other,USA,"Team Fusion marks five years with growing membership, new location",West Plains Daily Quill,2026-09-16 06:00:00,"https://www.westplainsdailyquill.net/stories/team-fusion-marks-five-years-with-growing-membership-new-location,229897",new location,5,2026-09-16
Opening,Hospitality,USA,"Gibran Baydoun is opening Etta the Place, a hotel in Bali that’s decidedly different",Tatler Asia,2026-09-16 05:34:21,https://www.tatlerasia.com/lifestyle/travel/etta-the-place-bali-gibran-baydoun,coming soon,4,2026-09-16
Opening,Specialty / Other,USA,Jamaican firms investing billions into new QSR locations,Jamaica Observer,2026-09-16 05:05:20,https://www.jamaicaobserver.com/2026/09/16/jamaican-firms-investing-billions-new-qsr-locations/,build out,2,2026-09-16
Opening,Hospitality,USA,Moray cat hotel celebrates grand opening after ‘a lot of sleepless nights’,Grampian Online,2026-09-16 05:00:00,https://www.grampianonline.co.uk/news/moray-cat-hotel-celebrates-grand-opening-after-a-lot-of-sle-445080/,grand opening,7,2026-09-16
Opening,Specialty / Other,Canada,Bodycare to open new store at The Broadway,Insider Media Ltd,2026-09-16 05:00:00,https://www.insidermedia.com/news/yorkshire/bodycare-to-open-new-store-at-the-broadway-bradford-born-anita-rani-to-cut-ribbon,new store,5,2026-09-16
Opening,Specialty / Other,USA,Greggs submits plans for new store 3 minute walk from 2 existing sites in Brentwood,Rayo,2026-09-16 04:35:18,https://www.hellorayo.co.uk/greatest-hits/essex/news/greggs-submits-plans-new-store-3-minute-walk-2-existing-sites-brentwood,plans to open,2,2026-09-16
Opening,Specialty / Other,USA,"Basingstoke technology firm secures £250,000 loan for global expansion",basingstokegazette.co.uk,2026-09-16 04:00:00,https://www.basingstokegazette.co.uk/news/26552456.process-vision-secures-250-000-south-east-scheme-loan/,opening soon,2,2026-09-16
Opening,Specialty / Other,USA,Peltier KIA Tyler expands with new location offering enhanced services and amenities,cbs19.tv,2026-09-16 03:41:00,https://www.cbs19.tv/article/money/consumer/peltier-kia-tyler-expands-new-location/501-631c9300-cb24-47d4-8cc3-d7416a3aa418,new location,5,2026-09-16
Opening,Specialty / Other,Canada,A clinic for alternative medicine has opened at a university in Ashgabat,Turkmenportal.com,2026-09-16 03:37:20,https://turkmenportal.com/en/news/100424-myrat-garryyew-adyndaky-tdlu-da-adaty-dal-lukmancylyk-otagy-acyldy----------------,grand opening,2,2026-09-16
Opening,Restaurants,Canada,"11 New Restaurants Opening Across Florida [Sept 15, 2026]",Business Debut,2026-09-16 03:12:39,https://www.businessdebut.com/11-new-restaurants-opening-across-florida-sept-15-2026/,opening soon,4,2026-09-16
Opening,Hospitality,USA,Grand Hyatt Cancun Beach Resort Opening 2026,Nomad Lawyer,2026-09-16 02:54:24,https://www.nomadlawyer.org/grand-hyatt-cancun-beach-resort-puerto-cancun-opening-2026,grand opening,4,2026-09-16
Opening,Specialty / Other,USA,"Luna Loco now open, offers Mexican favorites in Keller",Community Impact,2026-09-16 02:30:53,https://communityimpact.com/keller-roanoke-northeast-fort-worth/dining/luna-loco-now-open-offers-mexican-favorites-in-keller/,now open,5,2026-09-16
Opening,Specialty / Other,USA,"Carnival Tropicale reservations now open, setting sail from Galveston in 2028",Cyprus Shipping News,2026-09-16 02:16:27,https://cyprusshippingnews.com/2026/09/16/carnival-tropicale-reservations-now-open-setting-sail-from-galveston-in-2028/,now open,5,2026-09-16
Opening,Specialty / Other,USA,New Golden Wok II Location Now Open In Glen Ellyn,Patch,2026-09-16 02:09:00,https://patch.com/illinois/glenellyn/new-golden-wok-ii-location-now-open-glen-ellyn,new location,2,2026-09-16
Opening,Specialty / Other,USA,"Musinsa's first offline store specializing in cosmetics, Musinsa Beauty Hongdae, exceeded 250 millio..",매일경제,2026-09-16 01:23:24,https://www.mk.co.kr/en/business/12154008,plans to open,2,2026-09-16
Opening,Specialty / Other,USA,Ace Hardware on Track to Open 170 New Stores in 2026,CookOut News,2026-09-16 01:19:49,https://www.cookoutnews.com/ace-hardware-on-track-to-open-170-new-stores-in-2026/,new store,5,2026-09-16
Opening,Specialty / Other,USA,Guy Fieri Flavortown Myrtle Beach Grand Opening,Food & Beverage Magazine,2026-09-16 01:18:13,https://www.fb101.com/guy-fieri-downtown-flavortown-myrtle-beach-grand-opening-ribbon-cutting-a9418ce36c,grand opening,5,2026-09-16
Opening,Specialty / Other,USA,MedNow Urgent Care to open soon,The True Citizen,2026-09-16 01:12:28,https://www.thetruecitizen.com/articles/mednow-urgent-care-to-open-soon/,under construction,2,2026-09-16
Opening,Specialty / Other,Canada,Texas Roadhouse Plans New Location in Waxahachie,WhatNow,2026-09-16 01:08:03,https://whatnow.com/dallas/restaurants/texas-roadhouse-plans-new-location-in-waxahachie/,new store,2,2026-09-16
Opening,Books / Toys / Gaming,USA,"Barnes & Noble opens new store in Elk Grove, marking the city's first major bookstore since 2011",KCRA,2026-09-16 01:01:00,https://www.kcra.com/article/barnes-noble-opens-new-store-in-elk-grove/73751616,new store,7,2026-09-16
Opening,Restaurants,Canada,New in Panama City: Siren Restaurant & Cocktail Bar Opening Soon,Business Debut,2026-09-16 00:37:39,https://www.businessdebut.com/new-in-panama-city-siren-restaurant-cocktail-bar-opening-soon/,opening soon,7,2026-09-16
Opening,Specialty / Other,Canada,New in South Beach: Intenso Opening Soon,Business Debut,2026-09-16 00:37:39,https://www.businessdebut.com/new-in-south-beach-intenso-opening-soon/,opening soon,5,2026-09-16
Opening,Specialty / Other,Canada,Fried chicken chain opens first Central Mass. location in Worcester,Worcester Telegram,2026-09-16 00:29:00,https://www.telegram.com/story/business/2026/09/15/chesters-fried-chicken-chain-opens-first-central-mass-location-in-worcester/91777902007/,grand opening,2,2026-09-16
Opening,Restaurants,USA,"Raising Cane's set to open first restaurant in Eugene area, bringing 160 jobs",KPIC,2026-09-16 00:21:11,https://kpic.com/news/local/raising-canes-set-to-open-first-restaurant-in-eugene-area-bringing-160-jobs?teaserSource=trending,plans to open,4,2026-09-16
Opening,Specialty / Other,USA,"Musinsa steps up retail push with beauty, footwear stores",매일경제,2026-09-16 00:20:03,https://pulse.mk.co.kr/news/english/12153909,plans to open,2,2026-09-16
Opening,Department Stores,USA,Hyundai Home Shopping opens 5th Coasis beauty store at Hyundai Department Store Mokdong,헤럴드경제,2026-09-16 00:17:42,https://mbiz.heraldcorp.com/article/10874997,new store,4,2026-09-16
Opening,Specialty / Other,USA,River Oaks District captures Leica Camera as Texas flagship store,Community Impact,2026-09-16 00:00:00,https://communityimpact.com/heights-river-oaks-montrose/business/river-oaks-district-captures-leica-camera-as-texas-flagship-store/,new store,2,2026-09-16
Opening,Specialty / Other,USA,New Disneyland Rideshare Drop-Off Area Now Open As Construction Moves Ahead,Mickey Visit,2026-09-15 23:56:20,https://mickeyvisit.com/new-disneyland-rideshare-drop-off-september-15-2026/,now open,5,2026-09-16
Closing,Specialty / Other,USA,National specialty clothing chain closing all its stores,thestreet.com,2026-09-15 23:42:00,https://www.thestreet.com/retail/national-specialty-clothing-chain-scrubs-beyond-closing-all-its-stores,going out of business,2,2026-09-16
Opening,Specialty / Other,USA,Vancouver favourite Lunch Lady is expanding to Asia,Time Out Worldwide,2026-09-15 23:32:00,https://www.timeout.com/vancouver/news/vancouver-favourite-lunch-lady-is-expanding-to-asia-091526,expanding to,5,2026-09-16
Closing,Specialty / Other,USA,Global retailer closes most U.S. stores,thestreet.com,2026-09-15 23:30:05,https://www.thestreet.com/retail/superdry-store-closures-us,chapter 11,2,2026-09-16
Opening,Specialty / Other,USA,"New Lehigh Valley distillery to hold grand opening celebration with light fare, tours and more",WFMZ.com,2026-09-15 23:28:00,https://www.wfmz.com/features/eat-sip-shop/new-lehigh-valley-distillery-to-hold-grand-opening-celebration-with-light-fare-tours-and-more/article_44ae09ce-5b69-4b27-b110-19c7a172441d.html,grand opening,5,2026-09-16
Opening,Specialty / Other,USA,"Chick-fil-A off 19th Avenue in Bozeman is under construction, set to open in early 2027",KBZK News,2026-09-15 23:25:04,https://www.kbzk.com/news/chick-fil-a-off-19th-avenue-in-bozeman-is-under-construction-set-to-open-in-early-2027,new location,2,2026-09-15
Opening,Restaurants,Canada,Raising Canes announces opening date for Rib Mountain restaurant,WSAW,2026-09-15 23:25:00,https://www.wsaw.com/video/2026/09/15/raising-canes-announces-opening-date-rib-mountain-restaurant/?outputType=amp,new store,4,2026-09-16
Opening,Specialty / Other,USA,Moe's Hot Pizza and Grill opened Saturday in Lindenwold with the same team behind the Voorhees hot chicken spot,New Jersey 101.5,2026-09-15 23:21:04,https://nj1015.com/moes-hot-pizza-grill-lindenwold/,now open,2,2026-09-16
Opening,Specialty / Other,USA,Bakersfield Chamber of Commerce joins Goodwill for new Rosedale store’s ribbon cutting,KGET.com,2026-09-15 23:20:15,https://www.kget.com/news/business/bakersfield-chamber-of-commerce-joins-goodwill-for-new-rosedale-stores-ribbon-cutting/,ribbon cutting,5,2026-09-16
Opening,Home Improvement / Building Materials,Canada,Village of Lewiston residents speak out against proposed hardware store,Niagara Frontier Publications,2026-09-15 23:00:31,https://www.wnypapers.com/news/article/current/2026/09/15/167007/village-of-lewiston-residents-speak-out-against-proposed-hardware-store,certificate of occupancy,4,2026-09-15
Opening,Grocery,USA,Discount supermarket taking over space once occupied by high-end grocery store in North York,CP24,2026-09-15 22:57:28,https://www.cp24.com/local/toronto/2026/09/15/discount-supermarket-taking-over-space-once-occupied-by-high-end-grocery-store-in-north-york/,new store,5,2026-09-15
Opening,Grocery,USA,Discount supermarket taking over space once occupied by high-end grocery store in North York,CTV News,2026-09-15 22:56:41,https://www.ctvnews.ca/windsor/toronto/article/discount-supermarket-taking-over-space-once-occupied-by-high-end-grocery-store-in-north-york/,new store,5,2026-09-16
Opening,Restaurants,USA,"Layne’s Chicken Fingers opened its second Richmond-area restaurant today at 8801 Staples Mill Road in Henrico. The Texas-based chain specializes in chicken fingers and offers meals that include fries, Texas toast and the company's signature sauce. Full s",instagram.com,2026-09-15 22:50:13,https://www.instagram.com/p/DdU0qmsCbHq/,ribbon cutting,4,2026-09-15
Closing,Specialty / Other,USA,"Universal Orlando Confirms Two Things ""Temporarily Unavailable"" Despite Not Being on Closure Calendar",Disney Tourist Blog,2026-09-15 22:40:46,https://www.disneytouristblog.com/universal-orlando-confirms-two-things-temporarily-unavailable-despite-not-being-on-closure-calendar/,permanent closure,2,2026-09-16
Opening,Restaurants,Canada,"Mexican fast-casual restaurant Talkin' Tacos to take over Guzman y Gomez location, plans to expand into Chicago",Evanston RoundTable,2026-09-15 22:26:18,https://evanstonroundtable.com/2026/09/15/mexican-fast-casual-restaurant-talkin-tacos-to-take-over-guzman-y-gomez-location-plans-to-expand-into-chicago/,new location,4,2026-09-15
Opening,Restaurants,USA,New restaurant takes over former Sushi Confidential location,The Business Journals,2026-09-15 22:25:00,https://www.bizjournals.com/sanjose/news/2026/09/15/ignite-replaces-sushi-confidential-san-jose.html,soft opening,4,2026-09-15
Closing,Specialty / Other,USA,Residents react to possible closure of Orchards Mall post office,WNDU,2026-09-15 22:21:00,https://www.wndu.com/2026/09/15/residents-react-possible-closure-orchards-mall-post-office/?outputType=amp,permanent closure,2,2026-09-16
Opening,Specialty / Other,USA,Shake Shack to open first South Carolina location at Tanger Outlets,WCIV,2026-09-15 22:18:53,https://abcnews4.com/news/local/shake-shack-to-open-first-south-carolina-location-at-tanger-outlets,ribbon cutting,2,2026-09-15
Opening,Restaurants,USA,Jessica’s Restaurant is now open in Kapolei,Aloha State Daily,2026-09-15 22:00:00,https://alohastatedaily.com/2026/09/15/jessicas-restaurant-is-now-open-in-kapolei/,now open,7,2026-09-15
Opening,Specialty / Other,Canada,"Toast, juice and coffee bar to open in Severna Park",thedailyrecord.com,2026-09-15 21:48:08,https://thedailyrecord.com/2026/09/15/toastique-to-open-in-severna-park-sept-19/,plans to open,2,2026-09-15
Opening,Specialty / Other,Canada,‘It’s a family affair’: Tievoli Pizza Bar in Palatine training next generation while expanding to second location,Daily Herald,2026-09-15 21:40:23,https://www.dailyherald.com/20260915/dining/its-a-family-affair-tievoli-pizza-bar-in-palatine-training-next-generation-while-expanding-to-se/,expanding to,5,2026-09-15
Opening,Specialty / Other,USA,National fried chicken opens first Central Mass. location in Worcester,Worcester Telegram,2026-09-15 21:40:00,https://www.telegram.com/story/business/2026/09/15/chesters-fried-chicken-chain-opens-first-central-mass-location-in-worcester/91777902007/,grand opening,2,2026-09-15
Opening,Specialty / Other,Canada,Burlington opens new location in Denton’s Rayzor Ranch,communityimpact.com,2026-09-15 21:36:39,https://communityimpact.com/denton/business/burlington-opens-new-location-in-denton-s-rayzor-ranch/,new location,5,2026-09-15
Opening,Department Stores,USA,'Identically ambitious': Meet the couple behind Auckland’s new $30m department store,NZ Herald,2026-09-15 21:30:00,https://www.nzherald.co.nz/viva/fashion/faradays-queen-st-opening-the-couple-behind-aucklands-new-30m-department-store/premium/55IJDQ5GPFEMPIPXOHKOB4N454/,expanding to,4,2026-09-15
Opening,Grocery,USA,"Not a Food Pantry, But Not a ShopRite, Either: Newark's Discounted Grocery Stores Give New Approach to Food Access",TAPinto,2026-09-15 21:29:59,https://www.tapinto.net/towns/newark/articles/not-a-food-pantry-but-not-a-shoprite-either-newark-s-discounted-grocery-stores-give-new-approach-to-food-access,ribbon cutting,4,2026-09-15
Opening,Specialty / Other,USA,"Md inaugurates its first store in Santo Stefano di Rogliano, in the province of Cosenza",distribuzionemoderna.info,2026-09-15 21:22:11,https://distribuzionemoderna.info/en/openings/md-inaugurates-its-first-store-in-santo-stefano-di-rogliano-in-the-province-of-cosenza,new store,2,2026-09-15
Opening,Specialty / Other,USA,Color Riot- Grand Opening,WMBF,2026-09-15 21:03:00,https://www.wmbfnews.com/video/2026/09/15/color-riot-grand-opening/?outputType=amp,grand opening,5,2026-09-15
Opening,Specialty / Other,USA,Planet Fitness opens new Pelham location,Shelby County Reporter,2026-09-15 21:00:04,https://www.shelbycountyreporter.com/news/planet-fitness-opens-new-pelham-location-b06bb060,ribbon cutting,2,2026-09-15
Opening,Restaurants,Canada,"Seafood restaurant from Husk owners opening soon. Plus, Brackish bow ties seen on Emmys red carpet.",Post and Courier,2026-09-15 21:00:00,https://www.postandcourier.com/news/husk-cheeky-seafood-restaurant-charleston-brackish-emmys/article_e1d55d9f-8c28-451b-a643-20aeb95e8aca.html,opening soon,7,2026-09-15
Opening,Specialty / Other,Canada,The Big Greek Cafe circling new Reston location,The Burn,2026-09-15 20:54:40,https://theburn.com/2026/09/15/the-big-greek-cafe-circling-new-reston-location/,new location,2,2026-09-15
Opening,Specialty / Other,Canada,New Dairy Queen in Ocala now has an opening date of Sept. 21,352today,2026-09-15 20:52:49,https://352today.com/news/257752-new-dairy-queen-in-ocala-now-has-an-opening-date-of-sept-21/,new location,2,2026-09-15
Opening,Specialty / Other,USA,Roots Prime Italian Chophouse Now Open in Franklin,Williamson Source,2026-09-15 20:44:32,https://williamsonsource.com/roots-prime-italian-chophouse-now-open-in-franklin/,now open,5,2026-09-15
Opening,Specialty / Other,USA,Rowan To Open At Montgomery Village,WhatNow,2026-09-15 20:43:19,https://whatnow.com/san-francisco/retail/rowan-to-open-at-montgomery-village/,now open,2,2026-09-15
Opening,Specialty / Other,USA,Terry Black's Barbecue now open in New Braunfels,Community Impact,2026-09-15 20:36:00,https://communityimpact.com/new-braunfels/business/terry-black-s-barbecue-now-open-in-new-braunfels/,now open,5,2026-09-15
Opening,Specialty / Other,USA,"New Aldi opening this month in SW Florida. Where, opening day giveaways",Naples Daily News,2026-09-15 20:34:00,https://www.naplesnews.com/story/grocery/stores/2026/09/15/aldi-immokalee-opening-date-florida/91779965007/,new store,2,2026-09-15
Opening,Specialty / Other,USA,Dolly Parton's legacy celebrated with new 'Dolly Dolls' line ahead of her Nashville museum's grand opening,WBIR,2026-09-15 20:33:00,https://www.wbir.com/article/news/entertainment-news/dolly-partons-new-dolly-dolls-line-nashville-life-of-many-colors-musuem/51-2689f0c9-30e9-45fc-ba8f-eb040f3226dc,grand opening,5,2026-09-16
Closing,Specialty / Other,USA,Pepsi fights a convenience-store problem that’s not Coca-Cola,thestreet.com,2026-09-15 20:26:01,https://www.thestreet.com/retail/pepsi-has-a-convenience-store-problem-thats-not-coca-cola,bankruptcy,2,2026-09-17
Closing,Specialty / Other,USA,49-year-old clothing chain closing stores as its shoppers shrink,thestreet.com,2026-09-15 20:25:44,https://www.thestreet.com/retail/49-year-old-mens-clothing-chain-destination-xl-closing-more-stores,closing stores,5,2026-09-17
Closing,Specialty / Other,USA,Sporting goods giant closes over 60 stores across two chains,thestreet.com,2026-09-15 20:24:13,https://www.thestreet.com/retail/forget-foot-locker-dicks-closed-a-third-of-wss-sneaker-chain,chapter 11,2,2026-09-16
Opening,Specialty / Other,USA,Costco has 10 new stores opening in the next two months,Newswav,2026-09-15 20:21:18,https://newswav.com/article/costco-has-10-new-stores-opening-in-the-next-two-months-here-are-the-locati-A2609_pdCiL2,new store,5,2026-09-15
Opening,Specialty / Other,USA,Kroger Shoppers Face Store Closure As Location Shuts Down At The End Of This Month,en.econostrum.info,2026-09-15 20:15:00,https://en.econostrum.info/kroger-store-closure-location-shuts-down/,new location,2,2026-09-15
Closing,Specialty / Other,USA,Neshaminy Mall is closing soon. Demolition set to start in December,The Keystone Newsroom,2026-09-15 20:10:48,https://keystonenewsroom.com/local/culture/neshaminy-mall-is-closing-soon-demolition-set-to-start-in-december/,closing soon,5,2026-09-17
Opening,Specialty / Other,USA,Infinity World Arcade plans grand opening,Sunnyside Sun,2026-09-15 20:05:00,https://www.sunnysidesun.com/news/business/infinity-world-arcade-plans-grand-opening/article_3a58e69c-6fbd-4b8f-b411-849e305db99d.html,grand opening,5,2026-09-15
Closing,Specialty / Other,USA,"Postal Service studying possible permanent closure of Wheeler Post Office, spurring outcry",nwitimes.com,2026-09-15 20:00:00,https://nwitimes.com/news/local/porter/article_2e15f1ee-c32d-4478-bf2d-c91e5f749471.html,permanent closure,5,2026-09-16
Opening,Specialty / Other,Canada,La Vaquita Expanding to Foodservice Business Nationally,Yahoo Finance,2026-09-15 19:57:35,https://finance.yahoo.com/small-business/articles/la-vaquita-expanding-foodservice-business-195735890.html,expanding to,5,2026-09-15
Opening,Specialty / Other,USA,This Couple is Opening West Palm Beach's Newest Coffee Shop (the Smart Way),Business Debut,2026-09-15 19:52:39,https://www.businessdebut.com/this-couple-is-opening-west-palm-beachs-newest-coffee-shop-the-smart-way/,plans to open,2,2026-09-15
Opening,Specialty / Other,Canada,Frank’s Cafe to open new location in downtown Youngstown YMCA,WFMJ,2026-09-15 19:49:52,https://www.wfmj.com/news/local-news/youngstown/frank-s-cafe-to-open-new-location-in-downtown-youngstown-ymca/article_335a6b83-5bcb-46ed-a33f-24d3805160f4.html,new location,5,2026-09-15
Opening,Gyms / Fitness,USA,VASA Fitness gym to open in former Waterloo Hy-Vee this fall,Waterloo-Cedar Falls Courier,2026-09-15 19:47:50,https://wcfcourier.com/news/local/business/article_09ceed08-3ab0-472a-af99-f2e24378205b.html,now open,4,2026-09-15
Closing,Specialty / Other,USA,Burger King set to close in the Abingtons,Scranton Times-Tribune,2026-09-15 19:42:14,https://www.thetimes-tribune.com/2026/09/15/burger-king-set-to-close-in-the-abingtons/,last day,2,2026-09-17
Opening,Restaurants,USA,Restaurant group tied to historic Delmonico's seeks to open steakhouse in former Tony's space,The Business Journals,2026-09-15 19:34:00,https://www.bizjournals.com/stlouis/news/2026/09/15/tonys-clayton-restaurant-delmonicos-citadel-prime.html,plans to open,4,2026-09-15
Opening,Specialty / Other,USA,"You wait years for a big toy shop to open at the Trafford Centre, and then two come along at once....",facebook.com,2026-09-15 19:25:04,https://www.facebook.com/ManchesterEveningNews/posts/you-wait-years-for-a-big-toy-shop-to-open-at-the-trafford-centre-and-then-two-co/1586420670186959/,now open,2,2026-09-15
Opening,Specialty / Other,USA,It's back. Merritt Island Chick-fil-A reopens after two-month closure,Florida Today,2026-09-15 19:07:30,https://www.floridatoday.com/story/entertainment/dining/2026/09/15/chick-fil-a-fans-rejoice-merritt-island-restaurant-reopens-2026-drive-thru-improvements/91745669007/,now open,2,2026-09-15
Opening,Restaurants,Canada,Mamasan's Vietnamese and Thai restaurant reopens in new location,Democrat and Chronicle,2026-09-15 19:07:00,https://www.democratandchronicle.com/story/lifestyle/food-and-drink/2026/09/15/mamasans-thai-and-vietnamese-restaurant-reopens-in-downtown-rochester-ny/91772432007/,new location,7,2026-09-15
Opening,Specialty / Other,USA,Leica Camera to open Texas flagship at River Oaks District,Community Impact,2026-09-15 19:03:14,https://communityimpact.com/heights-river-oaks-montrose/business/river-oaks-district-captures-leica-camera-as-texas-flagship-store/,new store,2,2026-09-15
Opening,Specialty / Other,USA,Magnolia’s at 26th in Myrtle Beach closes; new location being built near Conway,WBTW,2026-09-15 19:00:45,https://www.wbtw.com/news/grand-strand/myrtle-beach/magnolias-at-26th-in-myrtle-beach-closes-new-location-being-built-near-conway/,new location,5,2026-09-16
Closing,Specialty / Other,USA,"As Trump’s popularity slides, his merchandise stores are closing down",SMH.com.au,2026-09-15 19:00:00,https://www.smh.com.au/world/north-america/as-trump-s-popularity-slides-his-merchandise-stores-are-closing-down-20260910-p60vzp.html,going out of business,2,2026-09-16
Opening,Specialty / Other,USA,Golightly & Long Unveils Newest ‘Mini Travel Center’ Location,CStore Decisions,2026-09-15 18:58:58,https://cstoredecisions.com/golightly-long-unveils-newest-mini-travel-center-location/,grand opening,2,2026-09-15
Opening,Restaurants,Canada,"Japanese restaurant in Richmond closing down after ""18 memorable years""",Anywhere Vancouver,2026-09-15 18:58:39,https://anywherevancouver.com/japenese-restaurant-in-richmond-manzo-closing-down/,coming soon,4,2026-09-15
Opening,Restaurants,Canada,Restaurant chain expanding to new parts of Greater Toronto Area,INsauga,2026-09-15 18:50:04,https://www.insauga.com/restaurant-chain-expanding-to-new-parts-of-greater-toronto-area/,expanding to,7,2026-09-15
Opening,Specialty / Other,USA,Letterpress Play to Open New Austin Storefront with Books and Coffee Bar This October,Gifts & Decorative Accessories,2026-09-15 18:49:55,https://www.giftsanddec.com/business-news/letterpress-play-austin-storefront-books-coffee/,new location,2,2026-09-15
Opening,Specialty / Other,USA,Grand opening set for next week at Shea Ravines affordable housing community,woodradio.iheart.com,2026-09-15 18:48:24,https://woodradio.iheart.com/alternate/amp/2026-09-15-grand-opening-set-for-next-week-on-shea-ravines-affordable-housing-community/,grand opening,5,2026-09-15
Opening,Restaurants,Canada,The 12 most anticipated restaurants opening in Phoenix this fall,Phoenix New Times,2026-09-15 18:44:29,https://www.phoenixnewtimes.com/food-drink/most-anticipated-phoenix-restaurants-opening-this-fall-40698650/,coming soon,4,2026-09-15
Opening,Specialty / Other,Canada,Grand opening set for next week at Shea Ravines affordable housing community,Newsradio WOOD 1300 and 106.9 FM,2026-09-15 18:40:00,https://woodradio.iheart.com/featured/wood-radio-local-news/content/2026-09-15-grand-opening-set-for-next-week-on-shea-ravines-affordable-housing-community/,grand opening,5,2026-09-16
Opening,Specialty / Other,USA,Reservations Now Open for $200/Person Dinner with Santa Claus at Cake Bake Shop on Disney's BoardWalk,WDW News Today,2026-09-15 18:30:00,https://wdwnt.com/2026/09/reservations-now-open-for-200-person-dinner-with-santa-claus-at-cake-bake-shop-on-disneys-boardwalk/,now open,5,2026-09-15
Opening,Department Stores,USA,Bass Pro Shops set to take over abandoned bankrupt department store in 55-year-old shopping mall,the-sun.com,2026-09-15 18:26:25,https://www.the-sun.com/money/17009481/bass-pro-shops-eastview-mall-victor-new-york/,new store,4,2026-09-15
Opening,"Department Stores, Retail REITs",USA,Bass Pro Shops to take over abandoned department store in shopping mall,the-sun.com,2026-09-15 18:26:25,https://www.the-sun.com/money/17009481/bass-pro-shops-eastview-mall-victor-new-york/,new store,4,2026-09-16
Opening,Specialty / Other,USA,Barnes & Noble in Jenkintown to host grand opening on Sept. 16,glensidelocal.com,2026-09-15 18:23:28,https://glensidelocal.com/barnes-noble-in-jenkintown-to-host-grand-opening-on-sept-16/,grand opening,5,2026-09-15
Opening,Restaurants,Canada,Coastal cantina restaurant to open at Countryside Mall,The Business Journals,2026-09-15 18:23:00,https://www.bizjournals.com/tampabay/news/2026/09/15/new-restaurant-slated-for-countryside-mall.html,coming soon,4,2026-09-15
Opening,Specialty / Other,Canada,"Food Lion to open six stores in Carolinas, Georgia by year's end",Supermarket News,2026-09-15 18:19:57,https://www.supermarketnews.com/new-stores/food-lion-to-open-six-stores-in-carolinas-georgia-by-year-s-end,plans to open,2,2026-09-15
Opening,Specialty / Other,Canada,"Food Lion to open six stores in Carolinas, Georgia by year’s end",Supermarket News,2026-09-15 18:19:57,https://www.supermarketnews.com/new-stores/food-lion-to-open-six-stores-in-carolinas-georgia-by-year-s-end,plans to open,2,2026-09-16
Opening,Specialty / Other,USA,Target to Add Austin-Area Store,Connect CRE,2026-09-15 18:18:15,https://www.connectcre.com/stories/target-to-add-austin-area-store/,new store,2,2026-09-15
Opening,Hospitality,USA,Broken Spell Lounge at Disneyland Hotel Closed for Refurbishment Until Late October,WDW News Today,2026-09-15 18:13:02,https://wdwnt.com/2026/09/broken-spell-lounge-at-disneyland-hotel-closed-for-refurbishment-until-late-october/,now open,4,2026-09-16
Closing,Specialty / Other,USA,Scrubs & Beyond closing all stores; 4 in NJ,NJBIZ,2026-09-15 18:07:21,https://njbiz.com/scrubs-beyond-closing-stores-nj/,closing stores,2,2026-09-16
Opening,Furniture / Mattress,USA,Luxury furniture retailer to open new Miami-Dade showroom,The Business Journals,2026-09-15 18:03:00,https://www.bizjournals.com/southflorida/news/2026/09/15/addison-house-aventura-cardone-lease.html,new location,4,2026-09-15
Closing,Grocery,USA,What is the cheapest grocery store in Georgia? Hint: It's not Costco,Savannah Morning News,2026-09-15 17:59:00,https://www.savannahnow.com/story/business/2026/09/15/what-are-georgias-cheapest-and-most-expensive-grocery-stores/91776174007/,going out of business,4,2026-09-16
Opening,Apparel,USA,A fashionable new clothing store has opened in this growing Columbia district,The State,2026-09-15 17:49:12,https://www.thestate.com/news/local/article317251302.html,now open,4,2026-09-15
Opening,Specialty / Other,USA,A new Columbia Chick-fil-A has an opening date in a busy area. Check out where,The State,2026-09-15 17:37:09,https://www.thestate.com/living/food-drink/article317253564.html,new store,2,2026-09-15
Opening,Specialty / Other,USA,New businesses open and coming soon to Georgetown,Community Impact,2026-09-15 17:30:40,https://communityimpact.com/georgetown/impacts/check-out-22-georgetown-area-business-updates/,now open,2,2026-09-15
Opening,Specialty / Other,USA,Barnes & Noble To Open New Baltimore County Branch In November,Patch,2026-09-15 17:27:43,https://patch.com/maryland/timonium/barnes-noble-open-new-baltimore-county-branch-november,grand opening,2,2026-09-15
Opening,Specialty / Other,USA,Sprouts Farmers Market Surpasses 500th Store Milestone,Progressive Grocer,2026-09-15 17:22:58,https://progressivegrocer.com/sprouts-farmers-market-surpasses-500th-store-milestone,new store,2,2026-09-15
Opening,Specialty / Other,USA,K-Chikin planning to open in former Jonesy’s Corner location next week,Daily Nonpareil,2026-09-15 17:13:39,https://nonpareilonline.com/news/local/business/article_02d78078-8d13-4374-8b5c-8834a3ea39fe.html,ribbon cutting,2,2026-09-15
Opening,Specialty / Other,USA,Keystone Custom Homes Announces New Phase Now Open at Kellerton,StreetInsider,2026-09-15 17:11:55,https://www.streetinsider.com/PRNewswire/Keystone+Custom+Homes+Announces+New+Phase+Now+Open+at+Kellerton/27064001.html,now open,5,2026-09-15
Closing,Grocery,USA,Grocery Chain Closing Locations Across U.S: See NJ Impacts,Patch,2026-09-15 17:10:24,https://patch.com/new-jersey/across-nj/grocery-chain-closing-locations-across-u-s-see-nj-impacts,closing stores,4,2026-09-16
Opening,Specialty / Other,USA,Guy Fieri’s Downtown Flavortown Myrtle Beach Celebrates Official Grand Opening With Ribbon Cutting,RestaurantNews.com,2026-09-15 17:09:21,https://www.restaurantnews.com/guy-fieri-downtown-flavortown-myrtle-beach-face-amusement-group-091526/,grand opening,5,2026-09-15
Closing,Apparel,USA,Specialty clothing store closing all stores,New York Post,2026-09-15 17:09:00,https://nypost.com/2026/09/15/business/scrubs-and-beyond-to-close-all-retail-locations-in-california/,store closing,7,2026-09-16
Opening,Restaurants,USA,"Raising Cane's set to open first restaurant in Eugene area, bringing 160 jobs",KPIC,2026-09-15 17:03:12,https://kpic.com/news/local/raising-canes-set-to-open-first-restaurant-in-eugene-area-bringing-160-jobs,plans to open,4,2026-09-15
Opening,Specialty / Other,Canada,New Tattoo Studio to Celebrate Grand Opening in Alton,RiverBender.com,2026-09-15 17:02:00,https://www.riverbender.com/news/details/new-tattoo-studio-to-celebrate-grand-opening-in-alton-96727.cfm,grand opening,5,2026-09-15
Opening,Specialty / Other,Canada,New Tattoo Studio to Celebrate Grand Opening in Alton,RiverBender.com,2026-09-15 17:02:00,https://m.riverbender.com/news/details/new-tattoo-studio-to-celebrate-grand-opening-in-alton-96727.cfm,grand opening,5,2026-09-16
Opening,Specialty / Other,USA,Bass Pro Hiring 150 Workers for New Victor Store This Week,Finger Lakes Daily News,2026-09-15 17:00:49,https://www.fingerlakesdailynews.com/local/bass-pro-hiring-150-workers-for-new-victor-store-this-week/,new store,2,2026-09-15
Opening,Specialty / Other,USA,Newest Acee's Location Sees Early Success,Convenience Store News,2026-09-15 17:00:17,https://csnews.com/newest-acees-location-sees-early-success,grand opening,2,2026-09-15
Opening,Restaurants,USA,Raising Cane’s announces opening date for Rib Mountain restaurant,Wausau Pilot & Review,2026-09-15 16:59:00,https://wausaupilotandreview.com/2026/09/15/raising-canes-announces-opening-date-for-rib-mountain-restaurant/,grand opening,4,2026-09-15
Opening,Pet Care,USA,Pet retailer sniffs out growth with new store,Business Durham,2026-09-15 16:54:41,https://www.businessdurham.co.uk/post/pet-retailer-sniffs-out-growth-with-new-store,new store,7,2026-09-15
Opening,Specialty / Other,USA,Shake Shack to open on Woodruff Road this month. See opening details,Greenville Online,2026-09-15 16:54:00,https://www.greenvilleonline.com/story/life/dining/2026/09/15/greenville-shack-shack-announces-opening-date-first-day-souvenirs/91774825007/,ribbon cutting,2,2026-09-15
Opening,Specialty / Other,USA,Sanderlin Center breaks ground on major expansion,stpetecatalyst.com,2026-09-15 16:47:59,https://stpetecatalyst.com/sanderlin-center-breaks-ground-on-major-expansion/,breaks ground,5,2026-09-16
Opening,Specialty / Other,Canada,City of Huntsville celebrates opening of dynamic Sandra Moon Community Complex,huntsvilleal.gov,2026-09-15 16:46:49,https://www.huntsvilleal.gov/city-of-huntsville-celebrates-opening-of-dynamic-sandra-moon-community-complex/,grand opening,2,2026-09-16
Closing,Specialty / Other,USA,Target to open 8 stores in October,Retail Dive,2026-09-15 16:46:24,https://www.retaildive.com/news/target-opens-eight-stores-fall/830411/,bankruptcy,2,2026-09-17
Opening,Restaurants,USA,"Bonjour, Nocatee: New European fusion restaurant announces grand opening",St. Johns Citizen,2026-09-15 16:39:07,https://sjcitizen.com/bonjour-nocatee-new-european-fusion-restaurant-announces-grand-opening/,grand opening,7,2026-09-15
Opening,Specialty / Other,USA,ShopRite To Open New Bergen County Store on Sept. 19 at Edgewater Commons,WDHA FM,2026-09-15 16:36:41,https://wdhafm.com/2026/09/15/shoprite-to-open-new-bergen-county-store-on-sept-19-at-edgewater-commons/,ribbon cutting,2,2026-09-15
Opening,Restaurants,USA,Shake Shack sets opening date for 1st SC restaurant. Here’s where it’s coming.,Yahoo,2026-09-15 16:35:00,https://www.yahoo.com/news/articles/shake-shack-sets-opening-date-163500801.html,ribbon cutting,4,2026-09-15
Opening,Specialty / Other,USA,Tennessee State Veterans Home in Arlington to celebrate opening with ribbon-cutting ceremony,The Mountain Press,2026-09-15 16:30:00,https://www.themountainpress.com/news/state/tennessee-state-veterans-home-in-arlington-to-celebrate-opening-with-ribbon-cutting-ceremony/article_6d214d95-6202-50ce-bbda-9c9fb1f31063.html,ribbon cutting,2,2026-09-15
Closing,Grocery,USA,"A KC grocery store of more than 20 years is closing, with deals until last day",Kansas City Star,2026-09-15 16:28:00,https://www.kansascity.com/news/business/openings-closings/article317252498.html,last day,7,2026-09-16
Opening,Specialty / Other,USA,Popular Coffeehouse Chain Opens Its 19th Georgia Location in Stone Mountain,WhatNow,2026-09-15 16:27:38,https://whatnow.com/atlanta/restaurants/popular-coffeehouse-chain-opens-its-19th-georgia-location-in-stone-mountain/,grand opening,2,2026-09-15
Opening,Movie Theatres,USA,BigD movie theater to open July 8 in Chubbuck,Idaho State Journal,2026-09-15 16:09:48,https://www.idahostatejournal.com/news/local/bigd-movie-theater-to-open-july-8-in-chubbuck/article_16f3db76-17f5-11e5-a751-4b6df2fa0b60.html,ribbon cutting,4,2026-09-16
Closing,Restaurants,USA,Southern Comfort Food Chain to Close Two Locations This Week,WhatNow,2026-09-15 16:05:56,https://whatnow.com/nashville/restaurants/southern-comfort-food-chain-to-close-two-locations-this-week/,permanent closure,4,2026-09-16
Closing,Specialty / Other,Canada,National chain to shut down high street store next month,The Wiltshire Gazette and Herald,2026-09-15 16:00:00,https://www.gazetteandherald.co.uk/news/26551964.tg-jones-shut-store-wiltshire-high-street-next-month/,store closing,2,2026-09-17
Opening,Specialty / Other,USA,Businesses hit by 'summer of misery' demand action over road closure confusion,Basingstoke Gazette,2026-09-15 16:00:00,https://www.basingstokegazette.co.uk/news/26549244.businesses-near-baughurst-demand-action-road-closures/,open for business,2,2026-09-15
Opening,Hospitality,USA,Hotel chain Hilton to open new 51-room economy hotel in Doncaster,Doncaster Free Press,2026-09-15 15:57:00,https://www.doncasterfreepress.co.uk/news/hotel-chain-hilton-to-open-new-51-room-economy-hotel-in-doncaster-9058281,plans to open,5,2026-09-15
Opening,Restaurants,USA,Local restaurant The Vine celebrates re-opening with ribbon cutting event,PTBO Today,2026-09-15 15:51:23,https://www.ptbotoday.ca/2026/09/15/local-restaurant-the-vine-celebrates-re-opening-with-ribbon-cutting-event/,ribbon cutting,7,2026-09-15
Opening,Specialty / Other,USA,DICK’S House of Sport Scores New Location at King of Prussia Mall,WhatNow,2026-09-15 15:51:06,https://whatnow.com/philadelphia/retail/dicks-house-of-sport-scores-new-location-at-king-of-prussia-mall/,new location,5,2026-09-15
Opening,Specialty / Other,USA,October opening on the cards for Dunmow’s new Lidl store,bishopsstortfordindependent.co.uk,2026-09-15 15:51:00,https://www.bishopsstortfordindependent.co.uk/news/october-opening-on-the-cards-for-dunmow-s-new-lidl-store-9482924/,new store,2,2026-09-15
Opening,Specialty / Other,Canada,Final countdown begins as opening date revealed for new Radcliffe hub,Manchester Evening News,2026-09-15 15:43:00,https://www.manchestereveningnews.co.uk/whats-on/final-countdown-begins-opening-date-34622206,grand opening,2,2026-09-15
Opening,Specialty / Other,USA,Pinecrest is about to get a little more hip with 2 new stores,Cleveland.com,2026-09-15 15:35:00,https://www.cleveland.com/entertainment/2026/09/abercrombie-fitch-herman-miller-opening-soon-at-pinecrest.html,opening soon,2,2026-09-15
Opening,Specialty / Other,Canada,Philippines to Allow Opening of a New Casino in Boracay,Gambling News,2026-09-15 15:33:52,https://www.gamblingnews.com/news/philippines-to-allow-opening-of-a-new-casino-in-boracay/,grand opening,2,2026-09-15
Opening,Specialty / Other,USA,Revelation set for grand opening of new Rehoboth brewpub,Cape Gazette,2026-09-15 15:18:29,https://www.capegazette.com/article/revelation-set-grand-opening-new-rehoboth-brewpub/355098,grand opening,5,2026-09-16
Opening,Specialty / Other,USA,Pepe's Cantina opens new Viera location with chef-driven Mexican menu,Yahoo,2026-09-15 15:17:25,https://www.yahoo.com/lifestyle/articles/pepes-cantina-opens-viera-location-151725570.html,now open,2,2026-09-15
Opening,Specialty / Other,USA,Pepe's Cantina opens new Viera location with chef-driven Mexican menu,floridatoday.com,2026-09-15 15:17:00,https://www.floridatoday.com/story/entertainment/dining/2026/09/15/new-melbourne-mexican-restaurant-puts-a-twist-on-classic-dishes/91746176007/,grand opening,2,2026-09-16
Opening,Books / Toys / Gaming,USA,Nation's largest bookstore chain acquires two regional Joseph-Beth Booksellers locations,The Business Journals,2026-09-15 15:15:00,https://www.bizjournals.com/cincinnati/news/2026/09/15/barnes-and-noble-acquires-joseph-beth-bookstores.html,now open,4,2026-09-15
Opening,Convenience Stores / Distributors,Canada,Montreal convenience chain taking over historic building with first Toronto location,blogTO,2026-09-15 15:07:19,https://www.blogto.com/eat_drink/2026/09/kalemart24-canada-toronto/,new location,4,2026-09-15
Opening,Specialty / Other,Canada,New Thrift Store Coming Soon To Lancaster Ave. In Chester Co.,Patch,2026-09-15 15:06:04,https://patch.com/pennsylvania/malvern/new-thrift-store-coming-soon-lancaster-ave-chester-co,grand opening,2,2026-09-15
Opening,Specialty / Other,USA,WIU to celebrate opening of Goldfarb Center for Performing Arts With ribbon-cutting Tuesday,kwqc.com,2026-09-15 15:06:00,https://www.kwqc.com/2026/09/15/wiu-celebrate-opening-goldfarb-center-performing-arts-with-ribbon-cutting-tuesday/,ribbon cutting,2,2026-09-15
Closing,Restaurants,USA,Inside the yearslong fight to keep Mexican restaurant Picos open,Houston Chronicle,2026-09-15 15:05:34,https://www.houstonchronicle.com/food-restaurants/article/picos-mexican-arnaldo-richards-close-22385281.php,last day,4,2026-09-16
Opening,Specialty / Other,USA,It’s time to get ready for Trader Joe's opening day in Lafayette. Here's what to know.,The Advocate,2026-09-15 15:00:00,https://www.theadvocate.com/acadiana/news/business/trader-joes-lafayette-opening-is-here/article_f0dfd461-e2d6-4ba6-b454-bc856571d40f.html,grand opening,2,2026-09-16
Closing,Specialty / Other,USA,"Another Cannabis Store Opens in Mount Laurel, While Another Pending Store Experiences Delay",TAPinto,2026-09-15 15:00:00,https://www.tapinto.net/towns/mount-laurel/sections/business-and-finance/articles/another-cannabis-store-opens-in-mount-laurel-while-another-pending-store-experiences-delay,bankruptcy,2,2026-09-16
Opening,Specialty / Other,USA,Raíces Colombianas celebrates grand opening,www.townshipjournal.com,2026-09-15 14:57:36,https://www.townshipjournal.com/news/business/raices-colombianas-celebrates-grand-opening-HX6198595,grand opening,5,2026-09-15
Opening,Specialty / Other,Canada,Fast-Expanding Joia Burger’s Next Move Is a Late-Night Logan Circle Counter,Eater DC,2026-09-15 14:51:24,https://dc.eater.com/coming-attractions/169099/joia-burger-dc-logan-circle-coming-attractions,expanding to,2,2026-09-15
Opening,Convenience Stores / Distributors,Canada,C-Store Dive,C-Store Dive,2026-09-15 14:45:52,https://www.cstoredive.com/news/krispy-krunchy-chicken-taps-shake-shack-panera-vet-as-vp-of-operations/830329/,build out,4,2026-09-16
Opening,Convenience Stores / Distributors,USA,C-Store Dive,C-Store Dive,2026-09-15 14:45:52,https://www.cstoredive.com/news/parkers-co-ceo-brandon-hofmann-leaves-company/830351/,plans to open,4,2026-09-15
Opening,Grocery,USA,"The Madrid supermarket competing with Mercadona and Dia: A new mega-store opens this Wednesday, allowing families to shop at wholesale prices",madridsecreto.co,2026-09-15 14:45:45,https://madridsecreto.co/en/the-madrid-supermarket-that-competes-with-mercadona-and-dia-hiper-usera/,new store,4,2026-09-15
Opening,Specialty / Other,USA,Raising Cane’s to open October 5 in Rib Mountain,wsaw.com,2026-09-15 14:45:00,https://www.wsaw.com/2026/09/15/raising-canes-open-october-5-rib-mountain/,ribbon cutting,2,2026-09-15
Opening,Furniture / Mattress,USA,From trolley to triple the space: Boise furniture store expands,Boise Dev,2026-09-15 14:44:44,https://boisedev.com/news/2026/09/09/boise-furniture-store-that-started-in-a-trolley-expands-location-three-times-current-size/,grand opening,4,2026-09-15
Opening,Specialty / Other,USA,CO-OP WHOLESALE CELEBRATES NEW NISA STORE OPENING IN BASSINGBOURN,c-talk.co.uk,2026-09-15 14:40:15,https://c-talk.co.uk/new-nisa-store-bassingbourn,new store,2,2026-09-15
Opening,Specialty / Other,USA,"Aldi opening 4 new Florida stores by end of September, here's where",Yahoo,2026-09-15 14:39:29,https://www.yahoo.com/news/articles/aldi-opening-4-florida-stores-143929657.html,grand opening,2,2026-09-15
Opening,Specialty / Other,USA,Bathhouse to Open its First Philadelphia Location at The Bellevue,PR Newswire,2026-09-15 14:36:00,https://www.prnewswire.com/news-releases/bathhouse-to-open-its-first-philadelphia-location-at-the-bellevue-302879240.html,new location,2,2026-09-15
Opening,Specialty / Other,USA,Joey Fatone to open hot dog spot Fat One's at Universal CityWalk soon,fox35orlando.com,2026-09-15 14:22:54,https://www.fox35orlando.com/news/joey-fatone-fat-ones-open-universal-citywalk-soon,grand opening,2,2026-09-15
Opening,Specialty / Other,USA,Grotto Pizza's first Pennsylvania location opens in Lancaster today,fox43.com,2026-09-15 14:21:00,https://www.fox43.com/article/life/food/grotto-pizza-lancaster-location-grand-opening-tuesday-sept-15/521-55924fac-8e17-4104-9c04-b919fede285a,open for business,2,2026-09-15
Closing,Specialty / Other,USA,Specialty clothing retailer abruptly closes stores nationwide,AL.com,2026-09-15 14:20:00,https://www.al.com/life/2026/09/specialty-clothing-retailer-abruptly-closes-stores-nationwide.html,closing stores,2,2026-09-17
Opening,Specialty / Other,USA,"New location, new look",dailycourier.com,2026-09-15 14:11:00,https://www.dailycourier.com/news/new-location-new-look/article_23685cc6-48d1-4b44-8e0e-828c5c4bf4be.html,new location,5,2026-09-15
Opening,Specialty / Other,USA,Fast-Growing Food Hall Celebrates Central MA Opening,Patch,2026-09-15 14:10:40,https://patch.com/massachusetts/worcester/fast-growing-food-hall-celebrates-central-ma-opening,ribbon cutting,2,2026-09-15
Closing,Specialty / Other,USA,Popular Pittsburgh Coffee Shop-Cafe Closing,patch.com,2026-09-15 14:06:27,https://patch.com/pennsylvania/pittsburgh/popular-pittsburgh-coffee-shop-cafe-closing,going out of business,2,2026-09-16
Opening,Specialty / Other,Canada,Stellantis supplier to invest $93M in expanding to former Macomb County EV plant,Crain's Detroit,2026-09-15 14:05:00,https://www.crainsdetroit.com/manufacturing-logistics/cdb-hansae-mobility-chesterfield-township-20260915/,expanding to,5,2026-09-15
Opening,Specialty / Other,USA,Jamestown To Soon Welcome Long-Awaited Qdoba Location,Super Talk 1270,2026-09-15 13:53:21,https://supertalk1270.com/ixp/504/p/qdoba-mexican-eats-coming-jamestown/,expanding to,2,2026-09-16
Opening,Specialty / Other,Canada,Jamestown To Soon Welcome Long-Awaited Qdoba Location,hot975fm.com,2026-09-15 13:52:40,https://hot975fm.com/qdoba-mexican-eats-coming-jamestown/,expanding to,2,2026-09-15
Opening,Specialty / Other,Canada,GO Outdoors opening in Tunbridge Wells with '£40 goody bag' for first through the door,Kent Live,2026-09-15 13:44:37,https://www.kentlive.news/whats-on/whats-on-news/go-outdoors-opening-tunbridge-wells-11157131,grand opening,2,2026-09-15
Opening,Specialty / Other,USA,EAST WINDSOR SCOOP: Aldi sets opening date for East Windsor store!,The Connecticut Scoop,2026-09-15 13:36:24,https://www.theconnecticutscoop.com/all-hartford-county-posts/east-windsor-scoop-aldi-sets-opening-date-for-east-windsor-store,opening soon,2,2026-09-15
Opening,Books / Toys / Gaming,USA,Barnes & Noble Bookstore Holding Grand Opening In Jenkintown,Patch,2026-09-15 13:33:30,https://patch.com/pennsylvania/abington/barnes-noble-bookstore-holding-grand-opening-jenkintown,grand opening,7,2026-09-15
Opening,Books / Toys / Gaming,USA,Renowned Lexington book store bought by chain. What happens next?,Yahoo,2026-09-15 13:30:20,https://www.yahoo.com/news/articles/renowned-lexington-book-store-bought-133020396.html,opening soon,4,2026-09-15
Closing,Books / Toys / Gaming,Canada,Renowned Lexington book store bought by chain. What happens next?,Lexington Herald Leader,2026-09-15 13:30:00,https://www.kentucky.com/news/local/counties/fayette-county/article317242064.html,chapter 11,4,2026-09-17
Opening,Specialty / Other,USA,"Elk Grove welcomes Barnes & Noble with grand opening, ribbon-cutting",FOX40,2026-09-15 13:26:08,https://fox40.com/news/local-news/elk-grove/elk-grove-welcomes-barnes-noble-with-grand-opening-ribbon-cutting/amp/,grand opening,5,2026-09-15
Opening,Specialty / Other,USA,Huge new H Mart location opens in Toronto this week,blogTO,2026-09-15 13:23:45,https://www.blogto.com/eat_drink/2026/09/h-mart-location-opens-toronto/,new store,2,2026-09-15
Opening,Specialty / Other,USA,Family-owned Ferndale grocery expanding to Bloomfield,Crain's Detroit,2026-09-15 13:20:00,https://www.crainsdetroit.com/retail/cdb-western-market-new-store-20260915/,new store,2,2026-09-15
Opening,Hospitality,USA,"More Than 200 Years After Original Opening, Union Hotel Celebrates Ribbon Cutting, Grand Re-Opening",TAPinto,2026-09-15 13:15:00,https://www.tapinto.net/towns/flemington-slash-raritan/sections/business-and-finance/articles/more-than-200-years-after-original-opening-union-hotel-celebrates-ribbon-cutting-grand-re-opening,ribbon cutting,7,2026-09-15
Opening,Restaurants,USA,Popular Tex-Mex restaurant to open in Fayetteville,Greater Fayetteville Business Journal,2026-09-15 13:14:58,https://bizfayetteville.com/restaurants/2026/9/15/popular-tex-mex-restaurant-to-open-in-fayetteville/5870,grand opening,4,2026-09-15
Opening,Grocery,USA,Four grocery stores opening in Toronto neighbourhood,Canadian Grocer,2026-09-15 13:07:23,https://canadiangrocer.com/four-grocery-stores-opening-toronto-neighbourhood,opening soon,4,2026-09-16
Opening,Restaurants,Canada,"New hoagie, pizza restaurant opening soon in Harrisburg",local21news.com,2026-09-15 13:06:01,https://local21news.com/newsletter-daily/gallery/new-hoagie-pizza-restaurant-opening-soon-in-harrisburg-bogeys-and-hoagies-mother-subs-palumbos-italian-eatery-2nd-street-where-to-eat-grandma-slice-pennsylvania-pa?photo=3,opening soon,7,2026-09-15
Opening,Specialty / Other,USA,"Theory Wellness Announces New St. Paul, Minnesota Recreational Cannabis Dispensary Opening September 15th",Newswire.com,2026-09-15 13:05:00,https://www.newswire.com/news/theory-wellness-announces-new-st-paul-minnesota-recreational-cannabis,grand opening,2,2026-09-15
Opening,Specialty / Other,USA,Kentucky Publix expansion continues with 2 upcoming openings,The Courier-Journal,2026-09-15 13:04:00,https://www.courier-journal.com/story/grocery/stores/supermarkets/2026/09/15/publix-stores-in-kentucky-opening-this-year-in-florence-owensboro-expansion/91772386007/,opening soon,2,2026-09-15
Opening,Specialty / Other,USA,New Store Embraces Vintage Yearning In Healdsburg,Patch,2026-09-15 13:03:38,https://patch.com/california/healdsburg/new-store-embraces-vintage-yearning-healdsburg,new store,5,2026-09-15
Closing,Pet Care,USA,"Closing Soon, Pet Store Shuts Down After Decade In Contra Costa",Patch,2026-09-15 13:03:38,https://patch.com/california/walnutcreek/closing-soon-walnut-creek-pet-store-shuts-down-after-decade,closing soon,7,2026-09-17
Closing,Pet Care,USA,"Closing Soon, Walnut Creek Pet Store Shuts Down After Decade",patch.com,2026-09-15 13:03:38,https://patch.com/california/walnutcreek/closing-soon-walnut-creek-pet-store-shuts-down-after-decade,closing soon,7,2026-09-16
Closing,Convenience Stores / Distributors,USA,74-year-old convenience store chain closing all locations,thestreet.com,2026-09-15 13:00:08,https://www.thestreet.com/retail/7-eleven-rival-caseys-quietly-killing-a-cefco-convenience-store-brand,closing all locations,7,2026-09-16
Opening,Specialty / Other,Canada,"D.R. Horton's Hilton Head-Savannah Division Celebrates Grand Opening of Altama, a Premier Master-Planned Community in Brunswick",Newswire.com,2026-09-15 13:00:00,https://www.newswire.com/news/d-r-hortons-hilton-head-savannah-division-celebrates-grand-opening-of-altama-a,grand opening,5,2026-09-15
Opening,Specialty / Other,USA,Brahma Brews Opens New Outlet at Ecospace Bengaluru,Indian Retailer,2026-09-15 12:58:04,https://www.indianretailer.com/news/brahma-brews-opens-new-outlet-ecospace-bengaluru,new store,2,2026-09-15
Opening,Hospitality,USA,Dolly Parton's Songteller hotel open for business,WSMV,2026-09-15 12:54:37,https://www.wsmv.com/video/2026/09/14/dolly-partons-songteller-hotel-open-business/,open for business,7,2026-09-15
Opening,Hospitality,Canada,Inauguration of TTC Plaza Da Nang and Grand Opening of TUI SUNEO Da Nang Hotel,Danang Fantasticity,2026-09-15 12:50:06,https://danangfantasticity.com/en/inauguration-of-ttc-plaza-da-nang-and-grand-opening-of-tui-suneo-da-nang-hotel/,grand opening,7,2026-09-15
Opening,Grocery,USA,Supermarket giant Aldi to open new Suffolk store next month,Yahoo News UK,2026-09-15 12:45:33,https://uk.news.yahoo.com/supermarket-giant-aldi-open-suffolk-124533966.html,new store,4,2026-09-16
Opening,Grocery,USA,Supermarket giant Aldi to open new Suffolk store next month,East Anglian Daily Times,2026-09-15 12:45:33,https://www.eadt.co.uk/news/26551987.aldi-open-brand-new-sudbury-store-october-2026/,new store,4,2026-09-15
Opening,Specialty / Other,USA,Greggs submits plans for new Brentwood store 3 minute walk from 2 existing sites,Essex Live,2026-09-15 12:44:25,https://www.essexlive.news/news/essex-news/greggs-submits-plans-new-store-11153069,plans to open,2,2026-09-15
Opening,Specialty / Other,USA,Chicken Salad Chick readies for another JoCo location,The Business Journals,2026-09-15 12:35:00,https://www.bizjournals.com/kansascity/news/2026/09/15/chicken-salad-chain-joco-location.html,plans to open,2,2026-09-15
Closing,Specialty / Other,USA,38-year-old beloved steakhouse chain closing over 40 locations,thestreet.com,2026-09-15 12:33:03,https://www.thestreet.com/restaurants/38-year-old-outback-steakhouse-chain-closes-more-locations,bankruptcy,2,2026-09-16
Opening,Specialty / Other,USA,K-Way signs for new store in Covent Garden’s Seven Dials,A1 Retail Magazine,2026-09-15 12:32:24,https://www.a1retailmagazine.com/new-stores/k-way-signs-for-new-store-in-covent-gardens-seven-dials/,new store,5,2026-09-15
Opening,Hospitality,USA,Major chain announces it will open 10 new hotels,Kent Live,2026-09-15 12:27:36,https://www.kentlive.news/news/uk-world-news/major-chain-announces-open-10-11157275,plans to open,4,2026-09-15
Opening,Specialty / Other,USA,"NORTH CAROLINA RAILROAD COMPANY INVESTS $250,000 TO SUPPORT ATLANTIC PACKAGING EXPANSION IN TABOR CITY",Yahoo Finance Singapore,2026-09-15 12:27:00,https://sg.finance.yahoo.com/news/north-carolina-railroad-company-invests-122700753.html,grand opening,2,2026-09-15
Opening,Hospitality,Canada,Major chain announces it will open 10 new hotels,getreading.co.uk,2026-09-15 12:26:51,https://www.getreading.co.uk/news/uk-world-news/major-chain-announces-open-10-34620588,plans to open,4,2026-09-16
Closing,Specialty / Other,USA,"Utah’s Salsa Queen is closing her business, but she says she’s not going away",sltrib.com,2026-09-15 12:20:32,https://www.sltrib.com/artsliving/food/2026/09/15/salsa-queen-brand-shuts-down-owner/,bankruptcy,2,2026-09-16
Opening,Specialty / Other,USA,Home décor giant eyes a new store in Monmouth County as part of major expansion,Yahoo,2026-09-15 12:19:14,https://www.yahoo.com/news/articles/home-d-cor-giant-eyes-200628503.html,plans to open,2,2026-09-16
Closing,Specialty / Other,USA,City business announces shock permanent closure with 'heaviest hearts',The Hereford Times,2026-09-15 12:13:06,https://www.herefordtimes.com/news/26551626.jerk-bay-hereford-announces-shock-permanent-closure/,permanent closure,5,2026-09-16
Closing,Specialty / Other,USA,The Fresh Market Is Closing Stores: Updated List of Shuttered Locations for 2026,inc.com,2026-09-15 12:05:09,https://www.inc.com/amaya-nichole/the-fresh-market-is-closing-stores-list-shuttered-locations-2026/91404887,closing stores,5,2026-09-16
Opening,Gyms / Fitness,USA,UFC GYM's first standalone jiu-jitsu studio is open in New York. MMA.INC supplies the software.,stocktitan.net,2026-09-15 12:00:00,https://www.stocktitan.net/news/MMA/nyse-mma-mma-inc-confirms-bjj-link-deployment-at-ufc-gym-jiu-jitsu-yyqwsfc1svdm.html,opening soon,4,2026-09-15
Opening,Specialty / Other,USA,A bustling Essex coffee shop opening comes with an extra shot of generosity,NJ.com,2026-09-15 12:00:00,https://www.nj.com/business/2026/09/popular-nj-coffee-chain-pours-support-into-local-food-pantry-at-grand-opening.html,grand opening,2,2026-09-15
Closing,Restaurants,USA,Chef leaves fine dining restaurant set to remain open after entering liquidation,edp24.co.uk,2026-09-15 11:30:00,https://www.edp24.co.uk/news/26550579.stoke-mill-says-goodbye-executive-chef-andy-rudd/,liquidation,7,2026-09-16
Opening,Restaurants,USA,Upscale brunch restaurant targets November opening in Brookfield,The Business Journals,2026-09-15 11:30:00,https://www.bizjournals.com/milwaukee/news/2026/09/15/bloom-brunch-prepares-november-opening-brookfield.html,breaks ground,4,2026-09-15
Opening,Specialty / Other,USA,KIKO Milano makes Ahmedabad debut with new store at Phoenix Palladium,India Retailing,2026-09-15 11:23:42,https://www.indiaretailing.com/kiko-milano-makes-ahmedabad-debut-with-new-store-at-phoenix-palladium,new store,5,2026-09-16
Opening,Specialty / Other,USA,‘Welcome to delicious’: Second Culver’s open in West Bend,Greater Milwaukee Today,2026-09-15 11:20:00,https://www.gmtoday.com/daily_news/business/west-bend-culvers-opens/article_220e3df5-d3cc-53be-820d-9c0b6580f4dd.html,ribbon cutting,2,2026-09-15
Opening,Specialty / Other,USA,‘Welcome to delicious’: Second Culver’s open in West Bend,GMToday.com,2026-09-15 11:20:00,https://www.gmtoday.com/daily_news/business/welcome-to-delicious/article_220e3df5-d3cc-53be-820d-9c0b6580f4dd.html,ribbon cutting,2,2026-09-16
Opening,Restaurants,USA,The Beefy Boys Officially Open Exeter Restaurant Following Vegas Themed Launch Night,Encore PR,2026-09-15 11:12:02,https://www.encorepr.co.uk/the-beefy-boys-officially-open-exeter-restaurant-following-vegas-themed-launch-night/,now open,4,2026-09-15
Opening,Specialty / Other,USA,Chick-fil-A files permit for Dixie Highway store,The Business Journals,2026-09-15 11:10:00,https://www.bizjournals.com/louisville/news/2026/09/15/chick-fil-a-files-permit-for-south-end-location.html,new store,2,2026-09-15
Opening,Specialty / Other,Canada,Mochinut Announces Permanent Closure of Rochester Location,106.9 KROC,2026-09-15 11:01:09,https://kroc.com/mochinut-rochester-closing/,opening soon,2,2026-09-15
Opening,Restaurants,USA,Phoenix restaurants opened by pro athletes from the NFL to NBA,azcentral.com and The Arizona Republic,2026-09-15 11:00:00,https://www.azcentral.com/story/entertainment/dining/2026/09/15/athlete-owned-restaurants-phoenix/91598590007/,now open,4,2026-09-15
Closing,Specialty / Other,Canada,TACO Tuesday again. Closure never causes a bankruptcy that cannot be declared?,Daily Kos,2026-09-15 10:55:29,https://www.dailykos.com/stories/2026/9/15/800098422/community/taco-tuesday-again/,bankruptcy,5,2026-09-16
Opening,Specialty / Other,USA,"Guaca Go opens fourth Palm Beach County location, see photos",The Palm Beach Post,2026-09-15 10:54:00,https://www.palmbeachpost.com/picture-gallery/entertainment/dining/2026/09/15/guaca-go-opens-royal-palm-beach-location-see-photos/91735123007/,grand opening,2,2026-09-15
Opening,Specialty / Other,USA,WinCo submits plans to Kalispell for new store location,KPAX News,2026-09-15 10:25:21,https://www.kpax.com/news/local-news/flathead-county/winco-submits-plans-to-kalispell-for-new-store-location,new store,5,2026-09-15
Opening,Specialty / Other,Canada,Noble Inns to Open Second Bistro Sablé in Shoreditch,Hospitality & Catering News,2026-09-15 10:19:39,https://www.hospitalityandcateringnews.com/2026/09/noble-inns-to-open-second-bistro-sable-in-shoreditch/,expanding to,2,2026-09-15
Closing,Specialty / Other,USA,Urgent deadline warning issued to Galway locals ahead of permanent closure,Galway Beo,2026-09-15 10:15:55,https://www.galwaybeo.ie/news/galway-news/urgent-deadline-warning-issued-galway-11156821,permanent closure,5,2026-09-16
Opening,Restaurants,Canada,New Mexican seafood and sushi restaurant to open in east Green Bay,Green Bay Press-Gazette,2026-09-15 10:10:20,https://www.greenbaypressgazette.com/videos/money/2026/09/15/new-mexican-seafood-and-sushi-restaurant-opens-in-east-green-bay/91766573007/,new location,4,2026-09-15
Opening,Specialty / Other,USA,Guaca Go now open in Royal Palm Beach with deals starting Sept. 16,The Palm Beach Post,2026-09-15 10:04:00,https://www.palmbeachpost.com/story/entertainment/dining/2026/09/15/guaca-go-brings-fresh-guacamole-and-burritos-to-royal-palm-beach/91705254007/,grand opening,2,2026-09-15
Opening,Gyms / Fitness,USA,"St. Cloud gym Lion's Fitness moves to larger location, beating odds",Yahoo,2026-09-15 10:03:47,https://www.yahoo.com/lifestyle/articles/st-cloud-gym-lions-fitness-100347689.html,new location,4,2026-09-15
Opening,Hospitality,USA,Marriot International and Özak GYO sign agreement to open a Ritz-Carlton Resort within Türkiye’s premier seafront destination of Kemer,Premier Construction News,2026-09-15 10:00:05,https://premierconstructionnews.com/2026/09/15/marriot-international-and-ozak-gyo-sign-agreement-to-open-a-ritz-carlton-resort-within-turkiyes-premier-seafront-destination-of-kemer/,now open,4,2026-09-16
Opening,Specialty / Other,USA,'Maybe this is a terrible decision': Ragtag owner on expanding to K Rd,NZ Herald,2026-09-15 09:41:35,https://www.nzherald.co.nz/viva/food-drink/westmeres-award-winning-ragtag-to-open-a-second-restaurant-on-karangahape-rd-why-now/premium/WTTKIAWYHFALPMRSEYEXICGEHU/,expanding to,5,2026-09-15
Opening,Specialty / Other,USA,Ergonomics and Wellness Brand Frido Opens New Store in Gurgaon,Indian Retailer,2026-09-15 09:33:09,https://www.indianretailer.com/franchisetv/archives/news/ergonomics-and-wellness-brand-frido-opens-new-store-gurgaon,new store,5,2026-09-15
Opening,Specialty / Other,Canada,'Coming soon' update issued as huge new bar set to open in famous Newcastle building,Chronicle Live,2026-09-15 09:32:00,https://www.chroniclelive.co.uk/whats-on/food-drink-news/coming-soon-update-issued-huge-34618761,coming soon,5,2026-09-15
Opening,Hospitality,USA,"Atlantic City Sheraton owners warn hotel may close Dec. 15, pressure NJ to approve aid",Press of Atlantic City,2026-09-15 09:30:00,https://pressofatlanticcity.com/news/local/business/employment/article_cf5e8e7a-75f8-4b55-a953-3c7b92be86d5.html,under construction,4,2026-09-15
Closing,Restaurants,USA,Landmark Italian Restaurant in Bakersfield Ends 31-Year Run with Permanent Closure,WhatNow,2026-09-15 09:28:11,https://whatnow.com/news/local-news/landmark-italian-restaurant-in-bakersfield-ends-31-year-run-with-permanent-closure/,permanent closure,7,2026-09-16
Opening,Specialty / Other,Canada,Tea of Life Apothecary moves to new Chillicothe location,Chillicothe Gazette,2026-09-15 09:13:00,https://www.chillicothegazette.com/story/news/local/2026/09/15/get-all-the-teas-you-need-to-feel-better-at-tea-of-life-apothecary/91559170007/,new location,2,2026-09-15
Opening,Grocery,USA,What is the cheapest grocery store in Kentucky?,courier-journal.com,2026-09-15 09:04:00,https://www.courier-journal.com/story/news/local/kentucky/2026/09/15/aldi-cheapest-grocery-store-in-kentucky/91760577007/,plans to open,4,2026-09-16
Closing,Specialty / Other,USA,"The Chicken Basket, an Anderson staple, to close doors after 26 years",Greenville Online,2026-09-15 09:03:00,https://www.greenvilleonline.com/story/life/dining/2026/09/15/longtime-anderson-restaurant-the-chicken-basket-closing-its-doors/91757230007/,last day,2,2026-09-16
Opening,Specialty / Other,USA,Have $3.25 million? You can become the landlord for this soon-to-open Chick-fil-A in the Upstate.,Yahoo Finance,2026-09-15 09:00:00,https://finance.yahoo.com/real-estate/articles/3-25-million-become-landlord-090000580.html,under construction,2,2026-09-15
Opening,Specialty / Other,USA,"York County’s $5.5M agriculture arena nears completion, plans to open in 2027",Yahoo,2026-09-15 09:00:00,https://www.yahoo.com/news/articles/york-county-5-5m-agriculture-090000882.html,plans to open,5,2026-09-15
Opening,Specialty / Other,USA,Have $3.25 million? You can become the landlord for this soon-to-open Chick-fil-A in the Upstate.,Post and Courier,2026-09-15 09:00:00,https://www.postandcourier.com/greenville/business/chick-fil-a-fountain-inn-listing/article_9044c6d0-9065-465d-9266-2ac3b97acb00.html,under construction,2,2026-09-16
Opening,Restaurants,Canada,Much-anticipated Greenville restaurant sets opening date,Post and Courier,2026-09-15 09:00:00,https://www.postandcourier.com/greenville/news/greenville-restaurant-enlo-opening-soon/article_70b8b783-613c-47b4-ac59-a17977ca4278.html,opening soon,4,2026-09-15
Opening,Books / Toys / Gaming,USA,Chotora Pop-Up Store at Miraiya Bookstore Starts September 17!,コラボカフェ,2026-09-15 08:59:50,https://collabo-cafe.com/en/events/collabo/harutora-popup-goods-miraiyashoten-2026/,now open,4,2026-09-15
Opening,Specialty / Other,USA,New York Womenswear Brand Sea New York Opens First Korean Store,Seoul Economic Daily,2026-09-15 08:46:17,https://en.sedaily.com/finance/2026/09/15/new-york-womenswear-brand-sea-new-york-opens-first-korean,new store,2,2026-09-15
Opening,Specialty / Other,USA,The AMAALA Yacht Club is now open,What's On Saudi Arabia,2026-09-15 08:32:17,https://whatsonsaudiarabia.com/2026/09/the-amaala-yacht-club-is-now-open/,now open,5,2026-09-16
Opening,Specialty / Other,USA,Registration Now Open for WWASH,Morning Ag Clips,2026-09-15 07:25:12,https://www.morningagclips.com/registration-now-open-for-wwash/,now open,5,2026-09-16
Opening,Hospitality,USA,Philippines’ Boracay to open first casino-hotel,InterGame Online,2026-09-15 07:19:00,https://www.intergameonline.com/land-based-gaming/news/philippines-boracay-to-open-first-casino-hotel,soft opening,4,2026-09-15
Opening,Specialty / Other,USA,Rivian confirms plan to open Houston retail hub at former Hooters site,The Business Journals,2026-09-15 07:00:00,https://www.bizjournals.com/houston/news/2026/09/15/rivian-plans-retail-hub-former-hooters-upper-kirby.html,plans to open,2,2026-09-15
Opening,Restaurants,USA,Mediterranean restaurant expands with first New Jersey location,Boozy Burbs,2026-09-15 06:03:00,https://www.boozyburbs.com/2026/09/15/opening-alert-kebabe-englewood-nj/,now open,4,2026-09-16
Opening,Specialty / Other,USA,"Opening Alert: Kebabe Mediterranean Cuisine, Englewood, NJ",Boozy Burbs,2026-09-15 06:03:00,https://www.boozyburbs.com/2026/09/15/opening-alert-kebabe-englewood-nj/,now open,2,2026-09-15
Opening,Grocery,USA,Farmer City developing new co-op grocery store,FarmWeekNow,2026-09-15 06:00:00,https://www.farmweeknow.com/general/farmer-city-developing-new-co-op-grocery-store/article_69e7ccbf-85bc-4ed3-b651-76ecd72486df.html,new store,4,2026-09-15
Opening,Specialty / Other,USA,"Opening Day Announced For New Chick-fil-A on Route 1 in West Windsor, NJ",94.5 PST,2026-09-15 05:44:04,https://wpst.com/chickfila-princeton-grand-opening/,new store,2,2026-09-15
Opening,Specialty / Other,USA,GOODWILL NORTH CENTRAL TEXAS EXPANDING PRESENCE IN PARKER COUNTY WITH NEW HUDSON OAKS STORE,The Business Press,2026-09-15 05:30:39,https://fortworthbusiness.com/construction/goodwill-north-central-texas-expanding-presence-in-parker-county-with-new-hudson-oaks-store/,new store,2,2026-09-15
Opening,Specialty / Other,Canada,Neshaminy Mall is closing for good and will be demolished,94.5 PST,2026-09-15 05:26:07,https://wpst.com/neshaminy-mall-closing-demolition/,expanding to,2,2026-09-15
Opening,Specialty / Other,Canada,"vivo opens its second Experience Store at Jurong Point on 19 Sept, with 72% discount on smartphone & ...",mustsharenews.com,2026-09-15 04:36:38,https://mustsharenews.com/vivo-jurong-point/amp/,grand opening,2,2026-09-15
Opening,Department Stores,USA,Department store group maintains sales growth,Big Furniture Group,2026-09-15 04:31:11,https://www.bigfurnituregroup.com/department-store-group-maintains-sales-growth-2/,new store,4,2026-09-15
Opening,Health / Beauty,USA,Nominations open for The Northern Echo’s Best Beauty Salon Award 2026,The Northern Echo,2026-09-15 04:30:00,https://www.thenorthernecho.co.uk/news/26548441.northern-echo-launches-best-beauty-salon-award-2026/,now open,4,2026-09-15
Opening,Specialty / Other,USA,"Discover the film locations for Project Hail Mary (2026), in Cambridgeshire, Dorset, Hertfordshire and Hampshire.",The Worldwide Guide To Movie Locations,2026-09-15 04:27:32,https://movie-locations.com/movies/p/Project-Hail-Mary.php,under construction,2,2026-09-15
Opening,Specialty / Other,Canada,MGM Shenzhen Prince Bay Grand Opening,en.antaranews.com,2026-09-15 04:24:14,https://en.antaranews.com/news/431364/mgm-shenzhen-prince-bay-grand-opening,grand opening,5,2026-09-15
Opening,Convenience Stores / Distributors,USA,Man arrested after Vancouver convenience store clerk shot during doorway conversation,saskNOW,2026-09-15 04:02:05,https://sasknow.com/2026/09/14/man-arrested-after-vancouver-convenience-store-clerk-shot-during-doorway-conversation/,now open,4,2026-09-16
Opening,Restaurants,USA,Restaurant Roundup: Popular chicken chain adds Nashville location,The Business Journals,2026-09-15 03:24:00,https://www.bizjournals.com/nashville/news/2026/09/14/restaurant-roundup-sept-14.html,plans to open,4,2026-09-15
Opening,Specialty / Other,USA,Trader Joe's plans store in north Fort Worth,Community Impact,2026-09-15 03:21:00,https://communityimpact.com/keller-roanoke-northeast-fort-worth/development/trader-joe-s-plans-store-in-north-fort-worth/,grand opening,2,2026-09-15
Opening,Restaurants,USA,Highland Park restaurant grand opening and more news and notes,The Eastsider LA,2026-09-15 03:00:00,https://www.theeastsiderla.com/news/news_briefs/highland-park-restaurant-grand-opening-and-more-news-and-notes/article_fa2bb888-c17c-4927-baa3-9f37528944d8.html,grand opening,7,2026-09-15
Opening,Grocery,USA,ShopRite to open new Edgewater supermarket,NJBIZ,2026-09-15 02:37:46,https://njbiz.com/shoprite-edgewater-new-store-inserra/,new store,4,2026-09-15
Opening,Restaurants,Canada,18-year-old Japanese restaurant in Metro Vancouver announces closure,Daily Hive,2026-09-15 02:29:00,https://dailyhive.com/vancouver/manzo-itamae-richmond,opening soon,4,2026-09-15
Opening,Specialty / Other,Canada,"Aeon Mall accelerates expansion, targets tripling business scale by 2030",Theinvestor,2026-09-15 02:23:00,https://theinvestor.vn/aeon-mall-accelerates-expansion-targets-tripling-business-scale-by-2030-d19995.html,plans to open,2,2026-09-15
Closing,Specialty / Other,USA,Perla’s announces temporary closure after kitchen fire,Community Impact,2026-09-15 02:14:18,https://communityimpact.com/central-austin/dining/perla-s-announces-temporary-closure-after-kitchen-fire/,shutters,2,2026-09-16
Opening,Grocery,USA,Philadelphia developer in 'active negotiations' for grocery store at new Oakland development,The Business Journals,2026-09-15 01:47:00,https://www.bizjournals.com/pittsburgh/news/2026/09/14/oakland-radnor-property-group-pitt-redevelopment.html,new store,4,2026-09-15
Opening,Specialty / Other,USA,Bank Holiday: Banks to Remain Closed Today; Check the Reason,Times Bull,2026-09-15 01:41:52,https://www.timesbull.com/bank-holiday-banks-to-remain-closed-today-check-the-reason/amp/,open for business,2,2026-09-15
Opening,Specialty / Other,USA,BarkSuds now open in Tomball,Community Impact,2026-09-15 01:38:00,https://communityimpact.com/tomball-magnolia/business/barksuds-now-open-in-tomball/,now open,5,2026-09-15
Opening,Specialty / Other,USA,Trader Joe's plans two new stores in North Texas,WFAA,2026-09-15 01:36:00,https://www.wfaa.com/article/money/business/trader-joes-two-new-stores-in-north-texas/287-2ca059a7-9f63-4f4d-84ce-d60832bede34,plans to open,2,2026-09-16
Opening,Specialty / Other,USA,IV Nutrition to open in Round Rock in October,Community Impact,2026-09-15 01:35:00,https://communityimpact.com/round-rock/business/iv-nutrition-to-open-in-round-rock/,now open,2,2026-09-15
Opening,Restaurants,USA,‘Bittersweet’: Lehigh Valley restaurant closes as owner readies to open new eatery,WFMZ.com,2026-09-15 01:16:00,https://www.wfmz.com/features/eat-sip-shop/bittersweet-lehigh-valley-restaurant-closes-as-owner-readies-to-open-new-eatery/article_b2f38905-0456-432c-9ee6-d098059d28e2.html,now open,4,2026-09-15
Opening,Specialty / Other,USA,Taco Bell chooses new location for Irvine headquarters,nypost.com,2026-09-15 01:14:00,https://nypost.com/2026/09/14/us-news/taco-bell-moving-headquarters-to-larger-building-in-irvine/,new location,5,2026-09-16
Opening,Specialty / Other,USA,Fuzzy’s Taco Shop opens new location in Grand Junction,KJCT,2026-09-15 01:01:49,https://www.kjct8.com/2026/09/15/fuzzys-taco-shop-opens-new-location-grand-junction/,grand opening,2,2026-09-15
Opening,Specialty / Other,USA,'We're excited': recruitment begins for new Warrnambool retail store,"The Standard | Warrnambool, VIC",2026-09-15 00:38:43,https://www.standard.net.au/story/9349813/pandora-jewellery-recruits-for-its-new-warrnambool-store/,new store,2,2026-09-15
Opening,Specialty / Other,USA,Britannia Brewing opening 2nd Okanagan location near Gyro Beach in Kelowna,KamloopsBCNow,2026-09-15 00:30:00,https://www.kamloopsbcnow.com/watercooler/money/news/Business/Britannia_Brewing_opening_2nd_Okanagan_location_near_Gyro_Beach_in_Kelowna/,new location,2,2026-09-15
Opening,Gyms / Fitness,Canada,World champion Wiltse brothers open BJJ gym in Kearney,central.newschannelnebraska.com,2026-09-15 00:23:12,https://central.newschannelnebraska.com/story/364065074/world-champion-wiltse-brothers-open-bjj-gym-in-kearney,grand opening,4,2026-09-15
Opening,Specialty / Other,USA,LL Bean holds ribbon cutting ceremony for new flagship store in Freeport,WGME,2026-09-15 00:23:08,https://wgme.com/news/local/ll-bean-holds-ribbon-cutting-ceremony-for-new-flagship-store-in-freeport-maine,ribbon cutting,5,2026-09-15
Opening,Pharmaceutical / Medical,USA,"Allied Physicians Group to open new pediatric urgent care centers in Medford, Franklin Square",Newsday,2026-09-14 23:45:13,https://www.newsday.com/business/urgent-medicine-pediatric-opening-oa2pbqil,plans to open,4,2026-09-15
Opening,Convenience Stores / Distributors,USA,Darden Hill Market: New Convenience Store and Gas Station Could Open in Southwest Austin,WhatNow,2026-09-14 23:39:49,https://whatnow.com/austin/retail/darden-hill-market-new-convenience-store-and-gas-station-could-open-in-southwest-austin/,plans to open,4,2026-09-15
Closing,Specialty / Other,USA,Vue on 30a announces permanent closure,Get The Coast,2026-09-14 23:00:51,https://getthecoast.com/vue-on-30a-announces-permanent-closure/,permanent closure,5,2026-09-16
Closing,Restaurants,USA,Mexican restaurant of 20 years is closing in Fowler,YourCentralValley.com,2026-09-14 22:59:44,https://www.yourcentralvalley.com/news/local-news/fowler-jocys-closes-friday/,last day,4,2026-09-16
Opening,Restaurants,USA,Exclusive: JewBoy Burgers Owner Is Opening an Italian Restaurant Called Panciuto,Austin Monthly Magazine,2026-09-14 22:40:24,https://www.austinmonthly.com/exclusive-jewboy-burgers-owner-is-opening-an-italian-restaurant-called-panciuto/,grand opening,4,2026-09-15
Opening,Convenience Stores / Distributors,USA,Man arrested after Vancouver convenience store clerk shot during doorway conversation,meadowlakeNOW,2026-09-14 22:36:18,https://meadowlakenow.com/2026/09/14/man-arrested-after-vancouver-convenience-store-clerk-shot-during-doorway-conversation/,now open,4,2026-09-15
Opening,Specialty / Other,USA,Kyle and Noah Hawley expand Austin store with bookshop and coffee bar,austin.culturemap.com,2026-09-14 22:27:00,https://austin.culturemap.com/news/arts/letterpress-play-move-lator-gator/,new store,2,2026-09-15
Opening,Specialty / Other,USA,Cafecito to expand from Riverside to Downtown’s Bellwether,Jacksonville Daily Record,2026-09-14 22:25:00,https://www.jaxdailyrecord.com/news/2026/sep/14/cafecito-to-expand-from-riverside-to-downtowns-bellwether/,build out,2,2026-09-15
Opening,Specialty / Other,USA,"Kaban Hotel and Casino Boracay to hold soft opening this week, full launch scheduled for October",IAG – Inside Asian Gaming,2026-09-14 22:18:03,https://asgam.com/2026/09/15/kaban-hotel-and-casino-boracay-to-hold-soft-opening-this-week-full-launch-scheduled-for-october/,soft opening,5,2026-09-15
Opening,Restaurants,USA,Opening Date Set For New Cocktail-Restaurant Addition To Theatre Square,Patch,2026-09-14 22:13:56,https://patch.com/california/lamorinda/opening-date-set-new-cocktail-restaurant-addition-theatre-square,plans to open,4,2026-09-15
Opening,Specialty / Other,Canada,JCPenney to open a new store to replace its shuttered Ford City location,Chicago Tribune,2026-09-14 22:11:42,https://www.chicagotribune.com/2026/09/14/jcpenney-ford-city-mall/,new location,2,2026-09-15
Closing,Movie Theatres,USA,Is the Hitchcock Cinema Closing Soon?,Siteline Santa Barbara,2026-09-14 22:11:05,https://www.sitelinesb.com/is-the-hitchcock-cinema-closing-soon/,closing soon,7,2026-09-16
Opening,Specialty / Other,Canada,"Colossal Bally's casino with 3,300 slot machines just months away from opening",the-sun.com,2026-09-14 22:06:08,https://www.the-sun.com/money/17004668/ballys-chicago-casino-resort-opening-months-away/,grand opening,2,2026-09-15
Closing,Specialty / Other,USA,Arizona Folklore Preserve announces permanent closure,Herald/Review Media,2026-09-14 21:40:00,https://www.myheraldreview.com/news/sierravista/arizona-folklore-preserve-announces-permanent-closure/article_777583ee-5b90-40c9-89ce-c5e415b8b3ea.html,permanent closure,5,2026-09-16
Opening,Specialty / Other,USA,Mezzo Bakeshop now open in former Brown's Bakery,The Oklahoman,2026-09-14 21:36:00,https://www.oklahoman.com/story/lifestyle/food/2026/09/14/mezzo-bakeshop-now-open-in-midtown-oklahoma-city/91764618007/,now open,5,2026-09-15
Opening,Specialty / Other,USA,Howard University and Follett Higher Education Celebrate Grand Reopening of the Bison Exchange Campus Store,thedig.howard.edu,2026-09-14 21:33:57,https://thedig.howard.edu/all-stories/howard-university-and-follett-higher-education-celebrate-grand-reopening-bison-exchange-campus-store,grand opening,2,2026-09-15
Closing,Specialty / Other,USA,Dick’s Sporting Goods may close many of its Golf Galaxy stores,GolfWRX,2026-09-14 21:33:53,https://golfwrx.com/239847/dicks-sporting-goods-may-close-many-of-its-golf-galaxy-stores/,closing stores,2,2026-09-16
Opening,Specialty / Other,Canada,New in Orlando: The French Cafe Opening Second Location,Business Debut,2026-09-14 21:29:43,https://www.businessdebut.com/new-in-orlando-the-french-cafe-opening-second-location/,coming soon,2,2026-09-15
Opening,Restaurants,USA,"Universal CityWalk Restaurant Replacement Sets Opening Date, Celebrity Appearance Confirmed",Disney Fanatic,2026-09-14 21:24:46,https://www.disneyfanatic.com/universal-citywalk-restaurant-replacement-sets-opening-date-celebrity-appearance-confirmed-bwb1/,grand opening,4,2026-09-15
Opening,Grocery,USA,Another grocery store is planned in north Fort Worth. It isn’t H-E-B or Kroger,Fort Worth Star-Telegram,2026-09-14 21:22:11,https://www.star-telegram.com/news/business/fort-worth/article317238839.html,grand opening,4,2026-09-15
Opening,Specialty / Other,Canada,Mulligan's Grand Opening Tinker AFB [Image 6 of 7],DVIDS,2026-09-14 21:20:00,https://www.dvidshub.net/image/9935846/mulligans-grand-opening-tinker-afb,grand opening,5,2026-09-15
Opening,Specialty / Other,USA,Mulligan's Grand Opening Tinker AFB [Image 5 of 7],DVIDS,2026-09-14 21:20:00,https://www.dvidshub.net/image/9935845/mulligans-grand-opening-tinker-afb,grand opening,5,2026-09-15
Opening,Restaurants,USA,New PNW-inspired restaurant at Hyatt Regency Vancouver announces grand opening with 30% off,Anywhere Vancouver,2026-09-14 21:18:10,https://anywherevancouver.com/hyatt-regency-vancouver-cloudstreet-restaurant-grand-opening-promo/,grand opening,7,2026-09-15
Opening,Specialty / Other,USA,Sprouts Farmers Market Now Open in Washington Township,42 Freeway,2026-09-14 21:17:20,https://42freeway.com/news/sprouts-farmers-market-now-open-in-washington-township/,grand opening,2,2026-09-15
Opening,Specialty / Other,Canada,This local cafe is opening a new location in downtown Edmonton,Daily Hive,2026-09-14 21:09:00,https://dailyhive.com/edmonton/roam-cafe-atb-place-opening-edmonton,opening soon,2,2026-09-15
Closing,Restaurants,USA,"Thrift store in West Ashley is closing. Plus, Asian fusion restaurant served its last meal.",Post and Courier,2026-09-14 21:00:00,https://www.postandcourier.com/news/cobwebs-two-bit-club-west-ashley-charleston-restaurant/article_e3021a19-e5c5-4ca3-bb0d-4e3aa67b5d6f.html,store closing,4,2026-09-16
Opening,Convenience Stores / Distributors,USA,Golightly & Long’s ninth Acee’s convenience store now open,CSP Daily News,2026-09-14 20:51:04,https://cspdailynews.com/company-news/golightly-longs-ninth-acees-convenience-store-now-open,now open,7,2026-09-15
Opening,Specialty / Other,Canada,Mecatos Bakery & Café Expanding to Kissimmee This Winter,WhatNow,2026-09-14 20:50:04,https://whatnow.com/orlando/restaurants/mecatos-bakery-cafe-expanding-to-kissimmee-this-winter/,expanding to,5,2026-09-15
Opening,Restaurants,Canada,Grotto Pizza sets opening date for Manheim Twp. restaurant,LancasterOnline,2026-09-14 20:49:00,https://lancasteronline.com/business/whats_in_store/grotto-pizza-sets-opening-date-for-manheim-twp-restaurant/article_43ce0b62-a56c-40a0-9a35-2c4a0ace5e37.html,new location,4,2026-09-15
Opening,Specialty / Other,USA,"Disney Ends 25-Year Run for Opening Day Attraction, Final Rides Underway",disneydining.com,2026-09-14 20:40:58,https://www.disneydining.com/disney-ends-25-year-run-for-opening-day-attraction-final-rides-underway-ad1/,new store,2,2026-09-15
Closing,Specialty / Other,USA,Famed SF Dim Sum Purveyor Yank Sing Is Closing Its Rincon Center Location,SFist,2026-09-14 20:38:50,https://sfist.com/2026/09/14/famed-sf-dim-sum-purveyor-yank-sing-is-closing-its-rincon-center-location/,last day,2,2026-09-16
Opening,Hospitality,USA,$1 Billion VAI Resort Still Lacks an Opening Date,dlr.skift.com,2026-09-14 20:38:23,https://dlr.skift.com/2026/09/14/1-billion-vai-resort-still-lacks-an-opening-date/,under construction,4,2026-09-15
Opening,Restaurants,Canada,Florida restaurant with award-winning smash burgers expanding,yahoo.com,2026-09-14 20:23:37,https://www.yahoo.com/news/videos/florida-restaurant-award-winning-smash-202337071.html,expanding to,4,2026-09-15
Opening,Specialty / Other,Canada,Grand Opening of Fat Ones Hot Dogs & Italian Ice is Set at Universal CityWalk,Laughing Place,2026-09-14 20:21:43,https://www.laughingplace.com/parks/fat-ones-hot-dogs-italian-ice-grand-opening-universal-citywalk/,grand opening,5,2026-09-15
Opening,Specialty / Other,USA,Denver retailer starts new chapter with 50% larger flagship location,Furniture Today,2026-09-14 20:15:57,https://www.furnituretoday.com/furniture-retailer/denver-retailer-starts-new-chapter-with-50-larger-flagship-location/,grand opening,2,2026-09-15
Opening,Specialty / Other,USA,Home décor giant eyes a new store in Monmouth County as part of major expansion,NJ.com,2026-09-14 20:05:00,https://www.nj.com/business/2026/09/home-decor-giant-eyes-another-store-in-nj-as-part-of-major-expansion.html,plans to open,2,2026-09-15
Opening,Specialty / Other,USA,"Texas Roadhouse To Open Steele Creek Location, Bringing 220 Jobs to Southwest Charlotte",Country 103.7,2026-09-14 20:01:30,https://country1037fm.com/2026/09/14/texas-roadhouse-to-open-steele-creek-location-bringing-220-jobs-to-southwest-charlotte/,new store,2,2026-09-15
Opening,Specialty / Other,USA,Blackhawk BBQ Pit wins big at Eastern Idaho State Fair while new location at Idaho-Utah border thrives,idahostatejournal.com,2026-09-14 20:00:00,https://www.idahostatejournal.com/chronicle/news/blackhawk-bbq-pit-wins-big-at-eastern-idaho-state-fair-while-new-location-at-idaho/article_31584b87-d403-4982-8372-2a76fff26b34.html,new location,5,2026-09-15
Opening,Specialty / Other,Canada,Toyotetsu Mid America to expand Owensboro operation with $41 million investment,Spectrum News,2026-09-14 19:58:00,https://spectrumnews1.com/ky/louisville/news/2026/09/14/toyotetsu-expansion,expanding to,2,2026-09-15
Opening,Restaurants,USA,What’s opening next in Katy and Fort Bend’s growing restaurant scene?,Houston Chronicle,2026-09-14 19:53:44,https://www.houstonchronicle.com/neighborhood/katy/article/katy-fort-bend-new-restaurants-22427303.php,now open,4,2026-09-15
Opening,Books / Toys / Gaming,USA,here’s where new book stores are opening across America,Yahoo Finance,2026-09-14 19:52:13,https://finance.yahoo.com/media-advertising/articles/barnes-noble-revival-underway-where-180759716.html,plans to open,4,2026-09-15
Closing,Specialty / Other,USA,Neshaminy Mall is closing soon. Demolition set to start in December,PhillyBurbs,2026-09-14 19:50:00,https://www.phillyburbs.com/story/business/economy/2026/09/14/demolition-neshaminy-mall-bensalem-bucks-county-route-1-redevelopment/91756381007/,closing soon,5,2026-09-16
Opening,Specialty / Other,USA,Porta Via Announces First Out-of-State Location at Fashion Square,Arizona Foothills Magazine,2026-09-14 19:44:55,https://www.arizonafoothillsmagazine.com/taste/phoenix-food-and-restaurant-news/porta-via-announces-first-out-of-state-location-at-fashion-square,plans to open,2,2026-09-15
Opening,Specialty / Other,Canada,New ‘unforgettable’ Mediterranean eatery opening this fall in Kansas City,Kansas City Star,2026-09-14 19:43:17,https://amp.kansascity.com/news/business/openings-closings/article317238463.html,coming soon,2,2026-09-15
Opening,Specialty / Other,Canada,Significant Other Kitchen & Cocktails now hiring for October opening,fox5vegas.com,2026-09-14 19:37:00,https://www.fox5vegas.com/2026/09/14/significant-other-kitchen-cocktails-now-hiring-october-opening/,opening soon,2,2026-09-15
Opening,Specialty / Other,USA,AmFirst reopens rebuilt Cullman branch after year-long construction,Bham Now,2026-09-14 19:24:29,https://bhamnow.com/2026/09/14/amfirst-reopens-rebuilt-cullman-branch-after-year-long-construction/,coming soon,2,2026-09-15
Opening,Restaurants,USA,Restaurants & bars opening soon in West Valley,mouth by southwest,2026-09-14 19:21:42,https://mouthbysouthwest.com/2026/09/14/restaurants-bars-opening-soon-in-west-valley/,opening soon,7,2026-09-15
Closing,Specialty / Other,USA,"After 119 Years, This Theme Park Just Permanently Closed",AllEars.Net,2026-09-14 19:20:39,https://allears.net/2026/09/14/after-119-years-this-theme-park-just-permanently-closed/,permanent closure,2,2026-09-16
Opening,Specialty / Other,USA,Haggard Farm Mixed-Use Development Tops $300 Million Under Construction as Stillwater Capital Advances Towards Fall 2027 Opening,Digital Journal,2026-09-14 19:17:55,https://www.digitaljournal.com/pr/news/access-newswire/haggard-farm-mixed-use-development-tops-190819758.html,under construction,5,2026-09-15
Closing,Specialty / Other,USA,Kennedy Center trustees warn of bankruptcy and closure without Trump’s name out front,Washington Times,2026-09-14 19:16:31,https://www.washingtontimes.com/news/2026/sep/14/kennedy-center-trustees-warn-bankruptcy-closure-without-trumps-name/,bankruptcy,5,2026-09-16
Opening,Restaurants,USA,Burger King closed dozens of stores last year: See a list of locations where restaurants shuttered,Fast Company,2026-09-14 19:08:30,https://www.fastcompany.com/91606879/burger-king-closing-stores-list-locations-restaurants-shuttered,new store,4,2026-09-15
Opening,Specialty / Other,Canada,TTMA formally announces $41M expansion following state incentive approval,The Owensboro Times,2026-09-14 19:06:53,https://www.owensborotimes.com/news/2026/09/ttma-formally-announces-41m-expansion-following-state-incentive-approval/,expanding to,2,2026-09-15
Opening,Specialty / Other,Canada,Crêpe Expectations: Sweet Paris Whisks Open Its First North Carolina Location in Cary,restaurantnews.com,2026-09-14 19:00:00,https://www.restaurantnews.com/sweet-paris-creperie-and-cafe-cary-north-carolina-091426/,ribbon cutting,2,2026-09-15
Opening,Specialty / Other,Canada,303 Ramen reopens at new location in northeast Arvada,Arvada Press,2026-09-14 19:00:00,https://www.arvadapress.com/business/article_9578d130-901d-4a5e-b37d-855716e5ff36.html,new location,5,2026-09-15
Opening,Restaurants,USA,"New restaurant, lounge plans to open in Maypop space as downtown NOLA corridor sees more changes",NOLA.com,2026-09-14 19:00:00,https://www.nola.com/entertainment_life/eat-drink/new-restaurant-downtown-new-orleans/article_f9ea61a9-c06f-4a6b-93e5-49b15a201835.html,plans to open,7,2026-09-15
Opening,Books / Toys / Gaming,USA,AUSTIN-BASED STATIONERY BRAND LETTERPRESS PLAY EXPANDING TO ADD BOOKSTORE AND COFFEE BAR WITH NEW STOREFRONT ANNOUNCING LETTERPRESS PLAY & BOOKS,lincolnjournal.com,2026-09-14 18:53:58,https://www.lincolnjournal.com/online_features/press_releases/austin-based-stationery-brand-letterpress-play-expanding-to-add-bookstore-and-coffee-bar-with-new/article_c6a28eeb-bc32-5324-b0af-e47e901cf7bd.html,expanding to,7,2026-09-15
Opening,Retail REITs,Canada,"Supra Sushi, Paris Baguette to open in Bala Cynwyd shopping center",The Business Journals,2026-09-14 18:46:00,https://www.bizjournals.com/philadelphia/news/2026/09/14/supra-sushi-paris-baguette-opening-bala-cynwyd.html,plans to open,4,2026-09-15
Opening,Restaurants,Canada,Restaurants & bars opening soon in East Valley,mouth by southwest,2026-09-14 18:43:59,https://mouthbysouthwest.com/2026/09/14/restaurants-bars-opening-soon-in-east-valley/,opening soon,7,2026-09-15
Opening,Specialty / Other,USA,"The new store is taking shape on Canton Center Road near Ford Road. See link below ⬇️ 📸 Laura Colvin, Detroit Free Press",facebook.com,2026-09-14 18:30:22,https://www.facebook.com/detroitfreepress/posts/the-new-store-is-taking-shape-on-canton-center-road-near-ford-road-see-link-belo/1551255310379949/,new store,5,2026-09-15
Opening,Specialty / Other,USA,Raising Cane’s first SF location is finally opening,KRON4,2026-09-14 18:25:38,https://www.kron4.com/news/food-business/raising-canes-first-sf-location-is-finally-opening/amp/,grand opening,2,2026-09-15
Closing,Hospitality,Canada,Hotel 'will go bankrupt' if overrunning A449 closure continues with no end in sight,malverngazette.co.uk,2026-09-14 18:15:00,https://www.malverngazette.co.uk/news/26535850.malvern-hotel-will-go-bankrupt-a449-closure-continues/,bankruptcy,4,2026-09-16
Closing,Specialty / Other,USA,East Sacramento taco stand closing after 21 years as owners retire,Abridged – PBS KVIE,2026-09-14 18:14:25,https://www.abridged.org/news/island-tacos-closing/,closing soon,2,2026-09-16
Opening,Specialty / Other,USA,H-E-B rival is setting up shop directly across the street from this location,MySA,2026-09-14 18:11:18,https://www.mysanantonio.com/business/article/trader-joes-plano-22427518.php,new store,2,2026-09-15
Opening,Specialty / Other,USA,Juan Valdez accelerates Brazil expansion with airport shop,Valor International,2026-09-14 18:00:00,https://valorinternational.globo.com/google/amp/business/news/2026/09/14/juan-valdez-accelerates-brazil-expansion-with-airport-shop.ghtml,new store,2,2026-09-15
Closing,Specialty / Other,USA,"Bitty & Beau's Coffee in Annapolis to close, latest in a string of business closures",CBS News,2026-09-14 17:52:35,https://www.cbsnews.com/baltimore/news/bitty-beaus-coffee-in-annapolis-to-close-latest-in-a-string-of-restaurant-closures/,last day,2,2026-09-16
Opening,Restaurants,USA,Raising Cane’s to open its first San Francisco restaurant next week at an iconic location,San Francisco Chronicle,2026-09-14 17:42:04,https://www.sfchronicle.com/sf/article/raising-cane-restaurant-fishermans-wharf-opening-22431099.php,ribbon cutting,4,2026-09-15
Closing,Specialty / Other,USA,"Disney Ends an Era, 25-Year-Old Opening Day Attraction Takes Final Ride",Disney Fanatic,2026-09-14 17:33:18,https://www.disneyfanatic.com/disney-ends-an-era-25-year-old-opening-day-attraction-takes-final-ride-ad1/,permanent closure,2,2026-09-16
Opening,Specialty / Other,USA,Newark opens five nonprofit grocery stores,Supermarket News,2026-09-14 17:32:06,https://www.supermarketnews.com/new-stores/newark-opens-five-nonprofit-grocery-stores,plans to open,2,2026-09-15
Opening,Apparel,Canada,New BullStreet boutique: Southern women’s clothing store opens third SC location in growing district,Yahoo,2026-09-14 17:30:00,https://www.yahoo.com/news/articles/bullstreet-boutique-southern-women-clothing-173000606.html,new store,4,2026-09-15
Opening,Specialty / Other,USA,"Disney Closes Opening Day Water Attraction After 25 Years, Final Ride Offered",Inside the Magic,2026-09-14 17:29:17,https://insidethemagic.net/2026/09/disney-closes-opening-day-water-attraction-after-25-years-final-ride-offered-ad1/,new store,2,2026-09-15
Opening,Hospitality,USA,"From new location in Besse Hotel, Small Business Development Center helps entrepreneurs bring concepts to life",pittstate.edu,2026-09-14 17:08:03,https://www.pittstate.edu/gorillaconnection/2026/09/from-new-location-in-besse-hotel-small-business-development-center-helps-entrepreneurs-bring-concepts-to-life.html,new location,7,2026-09-15
Opening,Specialty / Other,USA,Trader Joe's to open 2 new stores as Texas expansion continues,Chron,2026-09-14 17:07:18,https://www.chron.com/food/article/trader-joes-plano-fort-worth-texas-22431050.php,new store,5,2026-09-15
Opening,Specialty / Other,USA,Work begins on Lidl's giant Edge Hill store as Taskers building demolished,Liverpool Echo,2026-09-14 17:00:00,https://www.liverpoolecho.co.uk/whats-on/whats-on-news/work-begins-lidls-giant-edge-34615197,new store,2,2026-09-15
Opening,Specialty / Other,USA,Popular jewellery brand opens first ever Scottish store in busy shopping centre,The Scottish Sun,2026-09-14 16:58:00,https://www.thescottishsun.co.uk/money/16818904/jewellery-brand-opens-scottish-store-shopping-centre/,new store,2,2026-09-15
Opening,Specialty / Other,USA,NEARBY: Neshaminy Mall Set To Close Ahead Of Demolition,LevittownNow.com,2026-09-14 16:54:28,https://levittownnow.com/2026/09/14/neshaminy-mall-set-to-close-ahead-of-demolition/,plans to open,2,2026-09-15
Opening,Specialty / Other,USA,Anna's House opening in Grand Blanc Oct. 26,WJRT ABC12,2026-09-14 16:54:00,https://www.abc12.com/news/business/annas-house-opening-in-grand-blanc-oct-26/article_3b807afa-0d20-4adc-9ac3-c2fa1c6fe68d.html,plans to open,2,2026-09-15
Closing,Specialty / Other,USA,"Endicott Speedway Store Closes, Gas Tanks Removed",WNBF,2026-09-14 16:42:11,https://wnbf.com/endicott-speedway-store-closed/,store closing,2,2026-09-16
Closing,Specialty / Other,Canada,Aquatopia Takes Final Spin as Opening Day Attraction Closes Permanently at Tokyo DisneySea,WDW News Today,2026-09-14 16:39:41,https://wdwnt.com/2026/09/aquatopia-takes-final-spin-as-opening-day-attraction-closes-permanently-at-tokyo-disneysea/,last day,2,2026-09-16
Closing,Specialty / Other,USA,Domino’s franchisee closes 13 Ohio locations,Nation’s Restaurant News,2026-09-14 16:33:34,https://www.nrn.com/restaurant-franchising/domino-s-franchisee-closes-13-ohio-locations,bankruptcy,2,2026-09-16
Opening,Specialty / Other,Canada,Favorite Stone Oak café plots 2 new San Antonio-area locations,CultureMap San Antonio,2026-09-14 16:31:45,https://sanantonio.culturemap.com/news/restaurants-bars/pan-and-coffee-new-locations/,expanding to,2,2026-09-15
Opening,Specialty / Other,Canada,76 FENCE Southern Lowcountry Officially Opens with Grand Opening Celebration in Savannah,Franchising.com,2026-09-14 16:29:04,https://www.franchising.com/amp/news/20260914_76_fence_southern_lowcountry_officially_opens_with_grand_opening_celebratio.html,grand opening,5,2026-09-15
Opening,Specialty / Other,USA,Freddy’s Frozen Custard & Steakburgers Opening September 15 in Louisville Metro,Yahoo,2026-09-14 16:28:07,https://www.yahoo.com/news/articles/freddy-frozen-custard-steakburgers-opening-162807208.html,under construction,2,2026-09-15
Opening,Specialty / Other,USA,Fast-growing Food Platform Opening Newest Location In Brookline,Patch,2026-09-14 16:25:24,https://patch.com/massachusetts/brookline/fast-growing-food-platform-opening-newest-location-brookline,ribbon cutting,2,2026-09-15
Opening,Specialty / Other,USA,Exclusive: Chuy’s Sets 2027 Opening At The Willows,Upper Cumberland Business Journal,2026-09-14 16:25:12,https://www.ucbjournal.com/exclusive-chuys-sets-2027-opening-at-the-willows/,ribbon cutting,2,2026-09-15
Opening,Restaurants,Canada,Popular Mexican restaurant set to open a new Calgary location soon,Daily Hive,2026-09-14 16:20:00,https://dailyhive.com/calgary/anejo-calgary,new location,4,2026-09-15
Opening,Grocery,USA,Publix announces opening date for newest NKY supermarket,cincinnati.com,2026-09-14 16:18:00,https://www.cincinnati.com/story/news/local/northern-ky/2026/09/14/publix-to-open-third-store-this-fall-in-florence/91759013007/,plans to open,4,2026-09-15
Opening,Grocery,USA,Closed luxury supermarket in Toronto reopening as No Frills this week,blogTO,2026-09-14 16:14:50,https://www.blogto.com/eat_drink/2026/09/closed-luxury-supermarket-toronto-no-frills/,grand opening,4,2026-09-15
Opening,Specialty / Other,USA,Hell's Kitchen opening soon near Edmonton,CTV News,2026-09-14 16:10:27,https://guelph.ctvnews.ca/edmonton/video/2026/09/14/hells-kitchen-opening-soon-near-edmonton/,opening soon,5,2026-09-15
Opening,Restaurants,USA,"Universal Orlando Confirms New Restaurant Opening September 19, Free Food Included",Inside the Magic,2026-09-14 16:04:27,https://insidethemagic.net/2026/09/universal-orlando-confirms-new-restaurant-opening-september-19-free-food-included-bwb1/,grand opening,4,2026-09-15
Opening,Books / Toys / Gaming,USA,Toy store feature inspires plans for Christmas shopping,San Diego Union-Tribune,2026-09-14 16:01:47,https://www.sandiegouniontribune.com/2026/09/14/toy-store-feature-inspires-plans-for-next-christmas-shopping-season/,opening soon,4,2026-09-15
Opening,Specialty / Other,Canada,Raising Cane's to finally open its first SF location at Fisherman's Wharf,sfgate.com,2026-09-14 16:01:35,https://www.sfgate.com/food/article/raising-canes-fishermans-wharf-22427617.php,new location,2,2026-09-15
Opening,Restaurants,Canada,Popular NYC restaurant known for gluten-free menu is opening another location,SILive.com,2026-09-14 16:00:00,https://www.silive.com/nyc/2026/09/popular-nyc-restaurant-known-for-gluten-free-menu-is-opening-another-location.html,new location,4,2026-09-15
Opening,Grocery,USA,Popular Korean grocery store to open its newest Toronto location this week,Toronto.com,2026-09-14 15:59:00,https://www.toronto.com/things-to-do/h-mart-toronto-opening-location-2026/article_ba66300e-0c81-5e11-b16d-0030472230e4.html,grand opening,4,2026-09-15
Opening,Specialty / Other,Canada,Panda Express still making progress on new location along 32nd Avenue,Grand Forks Herald,2026-09-14 15:57:00,https://www.grandforksherald.com/news/local/panda-express-still-making-progress-on-new-location-along-32nd-avenue,new location,5,2026-09-15
Opening,Specialty / Other,Canada,Still Standing Ink Tattoo Studio Grand Opening,RiverBender.com,2026-09-14 15:51:04,https://www.riverbender.com/events/details.cfm?seriesid=57466,grand opening,5,2026-09-15
Opening,Specialty / Other,USA,Lehigh Valley's newest Hobby Lobby store now open,WFMZ.com,2026-09-14 15:50:00,https://www.wfmz.com/features/eat-sip-shop/lehigh-valleys-newest-hobby-lobby-store-now-open/article_e779aa89-942f-4133-9d14-6a1165fa5a9d.html,now open,5,2026-09-15
Opening,Specialty / Other,USA,Publix Super Markets sets grand opening for Florence location,LINK nky,2026-09-14 15:48:21,https://linknky.com/business/2026/09/14/publix-super-markets-sets-grand-opening-for-florence-location/,grand opening,5,2026-09-15
Opening,Restaurants,USA,Joey Fatone Is Opening a Hot Dog Restaurant at Universal Orlando and You’ll Want to Be There on September 19,The Main Street Mouse,2026-09-14 15:38:06,https://themainstreetmouse.com/2026/09/14/joey-fatone-is-opening-a-hot-dog-restaurant-at-universal-orlando-and-youll-want-to-be-there-on-september-19/,grand opening,4,2026-09-15
Opening,Specialty / Other,USA,New Romford M&S store moves another step closer to opening,Romford Recorder,2026-09-14 15:30:00,https://www.romfordrecorder.co.uk/news/26547133.queens-hospital-romford-m-s-plans-new-signs-submitted/,under construction,2,2026-09-15
Opening,Specialty / Other,USA,"Sephora confirms winter opening at Brent Cross after 5,500 sq ft store revealed",London Now,2026-09-14 15:30:00,http://www.thisislocallondon.co.uk/news/26547794.sephora-confirms-winter-store-opening-brent-cross/,new store,2,2026-09-15
Opening,Specialty / Other,Canada,This new Connecticut cafe is hiring before opening day,New Haven Register,2026-09-14 15:29:06,https://www.nhregister.com/food/article/new-haven-mila-cafe-hiring-before-opening-22430806.php,coming soon,2,2026-09-15
Opening,Specialty / Other,USA,"Store with fried chicken, breakfast is coming to this busy Lexington County area",The State,2026-09-14 15:23:12,https://www.thestate.com/living/food-drink/article317237220.html,new store,2,2026-09-15
Closing,Specialty / Other,USA,Denny’s will look radically different in 40 locations after ‘Project Grand Slam’ changes,the-sun.com,2026-09-14 15:21:59,https://www.the-sun.com/money/17002768/dennys-radically-different-project-grand-slam-modernization-efforts/,chapter 11,2,2026-09-16
Opening,Specialty / Other,USA,Sainsburys announces opening date for Blackheath store,My London,2026-09-14 15:20:52,https://www.mylondon.news/news/south-london-news/sainsburys-announces-opening-date-blackheath-34616333.amp,plans to open,2,2026-09-15
Opening,Specialty / Other,Canada,"Fat One's Sets Universal CityWalk Grand Opening Date, Offering Free Hot Dogs from Joey Fatone",WDW News Today,2026-09-14 15:20:13,https://wdwnt.com/2026/09/fat-ones-sets-universal-citywalk-grand-opening-date-offering-free-hot-dogs-from-joey-fatone/,grand opening,5,2026-09-15
Opening,Specialty / Other,USA,"Opening Alert: Lo Fatt Chow, Northvale, NJ",Boozy Burbs,2026-09-14 15:16:00,https://www.boozyburbs.com/2026/09/14/opening-alert-lo-fatt-chow-northvale-nj/,now open,2,2026-09-15
Opening,Specialty / Other,USA,Locally owned golf simulator now open at former Prairie Village Macy’s site,Johnson County Post,2026-09-14 15:00:31,https://johnsoncountypost.com/2026/09/14/golftrk-prairie-village-open-296154/,now open,5,2026-09-15
Opening,Specialty / Other,USA,Windsor Public Library sets opening date for new downtown Central Branch,CTV News,2026-09-14 15:00:26,https://www.ctvnews.ca/windsor/article/windsor-public-library-sets-opening-date-for-new-downtown-central-branch/,new location,2,2026-09-15
Opening,Specialty / Other,USA,Community enjoys Happy Glamper Beauty open house,ETV News,2026-09-14 14:58:50,https://etvnews.com/articles/featured/community-enjoys-happy-glamper-beauty-open-house/,ribbon cutting,2,2026-09-15
Opening,Hospitality,USA,Kaban Hotel and Casino to open on Boracay in September,Focus Gaming News,2026-09-14 14:57:32,https://focusgn.com/asia-pacific/kaban-hotel-and-casino-to-open-on-boracay-in-september,soft opening,4,2026-09-15
Opening,Specialty / Other,USA,Looking for a new coffee spot? This cute shop now open in Palm Bay,Florida Today,2026-09-14 14:42:00,https://www.floridatoday.com/story/entertainment/dining/2026/09/14/new-palm-bay-cafe-anchor-bean-coffee-now-open/91745775007/,now open,5,2026-09-15
Closing,Restaurants,USA,America's favorite diner chain is planning a massive comeback after struggling for years and closing scores of restaurants,Daily Mail,2026-09-14 14:40:04,https://www.dailymail.com/yourmoney/article-16129317/dennys-comeback-restaurant-closures-revival.html,bankruptcy,5,2026-09-16
Opening,Specialty / Other,USA,"After years of pop-ups, Angie’s Pizza has opened its first permanent spot in Houston",Nation’s Restaurant News,2026-09-14 14:38:13,https://www.nrn.com/independent-restaurants/after-years-of-pop-ups-angie-s-pizza-has-opened-its-first-permanent-spot-in-houston,now open,2,2026-09-15
Opening,Specialty / Other,USA,5 things: FiiZ Drinks sets opening date in El Dorado Hills Town Center,The Business Journals,2026-09-14 14:29:00,https://www.bizjournals.com/sacramento/news/2026/09/14/5-things-fiiz-drinks-grand-opening-el-dorado-hills.html,grand opening,2,2026-09-15
Closing,Specialty / Other,USA,Popular N.J. sports bar calls its final play after NFL opening weekend,NJ.com,2026-09-14 14:00:00,https://www.nj.com/business/2026/09/popular-nj-sports-bar-calls-its-final-play-after-nfl-opening-weekend.html,closing soon,2,2026-09-16
Opening,Specialty / Other,Canada,Toyotetsu Mid America to expand Owensboro operations,Eyewitness News (WEHT/WTVW),2026-09-14 13:55:37,https://www.tristatehomepage.com/news/local-news/daviess-county/owensboro-news/toyotetsu-mid-america-to-expand-owensboro-operations/amp/,expanding to,2,2026-09-15
Opening,Specialty / Other,Canada,Iconic brand launches recruitment drive for first-ever Essex store opening,Southend Echo,2026-09-14 13:44:08,https://www.echo-news.co.uk/news/26548687.lego-hiring-new-lakeside-store-opening-autumn/,new store,2,2026-09-15
Opening,Specialty / Other,USA,Raising Cane's opens new Denver metro location Monday,9News,2026-09-14 13:44:00,https://www.9news.com/article/life/style/colorado-guide/raising-canes-westminster-colorado-grand-opening/73-d9a3c0b5-fc43-4de1-8736-268001f08a26,ribbon cutting,2,2026-09-15
Opening,Specialty / Other,Canada,"Wolfie's Drive Thru announces Greenville location, opening soon",Greenville Online,2026-09-14 13:42:00,https://www.greenvilleonline.com/story/life/food/2026/09/14/wolfies-drive-thru-to-open-greenville-restaurant-on-wade-hampton-blvd/91693885007/,opening soon,5,2026-09-15
Opening,Restaurants,USA,McDonald’s has opened restaurant in Bukovel with seating for nearly 280 guests,Open4business.com.ua.,2026-09-14 13:30:25,https://open4business.com.ua/en/mcdonalds-has-opened-restaurant-in-bukovel-with-seating-for-nearly-280-guests/,open for business,4,2026-09-15
Opening,Financial Services,USA,Demolition begins soon at Evansville library’s Red Bank branch,14 News,2026-09-14 13:26:00,https://www.14news.com/2026/09/14/demolition-begins-monday-evansville-librarys-red-bank-branch/,groundbreaking ceremony,4,2026-09-15
Opening,Specialty / Other,USA,Woolworths opens a take away in outlet in Western Cape,Briefly News,2026-09-14 13:23:27,https://briefly.co.za/people/253126-woolworths-expands-food-footprint-now-takeaway-restaurant-launch/,new location,2,2026-09-15
Opening,Specialty / Other,USA,Indaba 2027 registration opening soon,Tourism Update,2026-09-14 13:20:00,https://www.tourismupdate.com/article/indaba-2027-registration-opening-soon,opening soon,5,2026-09-15
Opening,Specialty / Other,USA,Wakefield Marks and Spencer's out of town food only store: Your reaction,Wakefield Express,2026-09-14 13:19:00,https://www.wakefieldexpress.co.uk/business/wakefield-marks-and-spencers-new-out-of-town-food-only-store-your-reaction-9047392,new store,2,2026-09-15
Opening,Restaurants,USA,Family restaurant 'King Billy' at Oldcotes open under new owners,Worksop Guardian,2026-09-14 13:13:00,https://www.worksopguardian.co.uk/news/people/family-restaurant-king-billy-at-oldcotes-open-under-new-owners-9047489,open for business,4,2026-09-15
Opening,Specialty / Other,USA,Kroger trims its outlook for full-year identical-store sales growth,FreshPlaza,2026-09-14 13:04:07,https://www.freshplaza.com/north-america/article/9872668/kroger-trims-its-outlook-for-full-year-identical-store-sales-growth/,new store,2,2026-09-15
Opening,Restaurants,USA,New Richland restaurant opened by fan-favorite hot dog and burger truck,tri-cityherald.com,2026-09-14 13:00:00,https://www.tri-cityherald.com/living/food-drink/article316856268.html,new store,4,2026-09-15
Closing,Specialty / Other,USA,"Major pizza chain franchisee closes stores, no bankruptcy filed",thestreet.com,2026-09-14 12:55:05,https://www.thestreet.com/restaurants/dominos-pizza-franchisee-abruptly-closes-locations,closing locations,2,2026-09-16
Opening,Specialty / Other,USA,"businessNOW: Local businesses expand, reopen, welcome new owners, and celebrate milestones",kawarthaNOW,2026-09-14 12:30:55,https://kawarthanow.com/2026/09/14/businessnow-local-businesses-expand-reopen-welcome-new-owners-and-celebrate-milestones/,ribbon cutting,2,2026-09-15
Opening,Specialty / Other,USA,"CARNIVAL TROPICALE RESERVATIONS NOW OPEN, SETTING SAIL FROM GALVESTON IN 2028",Travel Agent Central,2026-09-14 12:30:00,https://www.travelagentcentral.com/cruises/carnival-tropicale-reservations-now-open,now open,5,2026-09-15
Opening,Specialty / Other,USA,Fairway Furniture now open in Barnstaple,Furniture News,2026-09-14 12:29:13,https://furniturenews.net/news/fairway-furniture-now-open-in-barnstaple,now open,5,2026-09-15
Opening,Hospitality,USA,"Dolly Parton's SongTeller Hotel begins soft opening Monday, guest reservations available",WZTV,2026-09-14 12:25:50,https://fox17.com/news/local/gallery/dolly-partons-songteller-hotel-soft-opens-monday,soft opening,7,2026-09-15
Opening,Specialty / Other,USA,What's that store going in Canton Center near Ford Road?,Detroit Free Press,2026-09-14 12:22:00,https://www.freep.com/story/news/local/michigan/wayne/2026/09/14/patel-brothers-grocery-store-canton/91689288007/,new store,2,2026-09-15
Opening,Specialty / Other,USA,Leaves and Lore Has Fantastical Opening Day,WCUQuad.com,2026-09-14 12:19:51,https://wcuquad.com/6025702/news/leaves-and-lore-has-fantastical-opening-day/,grand opening,2,2026-09-15
Opening,Restaurants,Canada,"After 13 Years, This Bushland Restaurant Is Shutting Its Doors",Amarillo Country Radio,2026-09-14 12:14:18,https://thebullamarillo.com/joes-pizza-pasta-bushland-closing/,expanding to,4,2026-09-15
Opening,Specialty / Other,Canada,Magic of Disney Animation Grand Opening: 50 Characters Celebrate at Hollywood Studios,WDWMagic,2026-09-14 12:11:00,https://www.wdwmagic.com/attractions/the-magic-of-disney-animation/news/14sep2026-magic-of-disney-animation-grand-opening-60-characters-celebrate-at-hollywood-studios.htm,grand opening,5,2026-09-15
Opening,Specialty / Other,USA,Five hardest secondary schools to get into in Essex as applications open,essexcountynews.co.uk,2026-09-14 12:00:00,https://www.essexcountynews.co.uk/news/26547829.essexs-hardest-schools-get-applications-open/,now open,2,2026-09-15
Opening,Specialty / Other,USA,This 13-year-old opened up a sandwich shop to serve his community,knopnews2.com,2026-09-14 11:58:00,https://www.knopnews2.com/2026/09/14/this-13-year-old-opened-up-sandwich-shop-serve-his-community/,ribbon cutting,2,2026-09-15
Opening,Specialty / Other,USA,Target secures $20.8M permit for new store in Rock Hill,The Business Journals,2026-09-14 11:48:00,https://www.bizjournals.com/charlotte/news/2026/09/14/target-store-rock-hill-york-newport-commons.html,new store,5,2026-09-15
Opening,Specialty / Other,Canada,Chipotle nears opening along New Braunfels’ I-35 corridor,MySA,2026-09-14 11:39:46,https://www.mysanantonio.com/business/article/chipotle-new-braunfels-creekside-22414638.php,new location,2,2026-09-15
Opening,Specialty / Other,USA,Four Seasons Sayan suites open after Ubud riverside redesign,Travelling for Business,2026-09-14 11:26:04,https://travellingforbusiness.co.uk/luxury-travel/four-seasons-sayan-suites/,open for business,2,2026-09-15
Opening,Grocery,USA,These N.J. grocery stores are selling food at a discount. Here’s how they can do that.,Yahoo,2026-09-14 11:17:08,https://www.yahoo.com/news/us/articles/n-j-grocery-stores-selling-120052820.html,new store,4,2026-09-15
Opening,Specialty / Other,USA,Tallahassee to open second senior center with ribbon cutting Sept. 23,wtwcfox,2026-09-14 11:02:04,https://fox49.tv/news/local/tallahassee-to-open-second-senior-center-with-ribbon-cutting-sept-23,ribbon cutting,5,2026-09-15
Opening,Hospitality,USA,Will VAI Resort ever open in Glendale? Why it's still under construction,azcentral.com and The Arizona Republic,2026-09-14 11:02:00,https://www.azcentral.com/story/news/metro-phoenix/2026/09/14/why-the-vai-resort-in-glendale-is-still-under-construction/91250750007/,under construction,7,2026-09-15
Opening,Specialty / Other,USA,Co-op Wholesale celebrates its newest Nisa store in Congleton,conveniencestore.co.uk,2026-09-14 10:57:44,https://www.conveniencestore.co.uk/stores/co-op-wholesale-celebrates-its-newest-nisa-store-in-congleton/723556.article,now open,2,2026-09-15
Opening,Movie Theatres,Canada,James Bond: Pierce Brosnan’s Epic 007 Moment at the US Open Is ‘Absolute Cinema’,ComingSoon.net,2026-09-14 10:50:00,https://www.comingsoon.net/movies/news/2190497-pierce-brosnan-james-bond-007-moment-us-open,coming soon,4,2026-09-15
Opening,Specialty / Other,Canada,NEWS: Prince Arthur Belgravia to Move Location,Love London Love Culture,2026-09-14 10:49:39,https://lovelondonloveculture.com/2026/09/14/news-prince-arthur-belgravia-to-move-location/,new location,2,2026-09-15
Opening,Health / Beauty,USA,Award-winning salon celebrates move to new location at National Waterways site,Chester Standard,2026-09-14 10:45:04,https://www.chesterstandard.co.uk/news/26547653.ellesmere-port-salon-celebrates-new-two-storey-location/,new location,7,2026-09-15
Opening,Specialty / Other,USA,Angry Crab Shack Celebrates Grand Opening of New North Mesa Location,WhatNow,2026-09-14 10:35:12,https://whatnow.com/phoenix/restaurants/angry-crab-shack-celebrates-grand-opening-of-new-north-mesa-location/,grand opening,5,2026-09-15
Opening,Specialty / Other,USA,It is opening in a new £300m destination,facebook.com,2026-09-14 10:32:49,https://www.facebook.com/ManchesterEveningNews/posts/it-is-opening-in-a-new-300m-destination/1584875820341444/,open for business,2,2026-09-15
Opening,Specialty / Other,USA,FamilyMart enters Hanoi with first stores in Vietnamese capital,Mobility Plaza,2026-09-14 10:30:08,https://www.mobilityplaza.com/news/familymart-enters-hanoi-with-first-stores-in-vietnamese-capital,grand opening,2,2026-09-15
Opening,Specialty / Other,USA,Popular retailer reveals York opening date with free treats for first 100 customers,The York Press,2026-09-14 10:30:00,https://www.yorkpress.co.uk/news/26547430.space-nk-confirms-york-city-centre-store-opening-date/,new store,2,2026-09-15
Opening,Retail REITs,Canada,Georgina’s Big Canoe Indigenous Market prepares for expansion at Mississauga shopping mall,YorkRegion.com,2026-09-14 10:20:00,https://www.yorkregion.com/business/big-canoe-indigenous-market-expands-to-mississauga-mall/article_d3015e01-bec3-5794-b2f9-b3992140ffdb.html,grand opening,4,2026-09-15
Opening,Specialty / Other,USA,Now Open On Larimer Square,WhatNow,2026-09-14 10:18:02,https://whatnow.com/denver/restaurants/romyo-denvers-first-itameshi-restaurant-now-open-on-larimer-square/,grand opening,2,2026-09-15
Opening,Restaurants,Canada,Opening date confirmed for new Watford restaurant this week,Yahoo News UK,2026-09-14 10:15:00,https://uk.news.yahoo.com/opening-date-confirmed-watford-restaurant-101500893.html,coming soon,4,2026-09-15
Opening,Grocery,USA,Could Bracebridge support a 3rd grocery store? Shoppers weigh in as zoning gets approved,MuskokaRegion.com,2026-09-14 10:05:55,https://www.muskokaregion.com/news/bracebridge-grocery-wars/article_36ab860b-8b8e-5cc1-9eef-04679e6f5b8c.html,new store,4,2026-09-15
Opening,Gyms / Fitness,USA,Major fitness chain to open new gym in Delta Township. What we know,Lansing State Journal,2026-09-14 10:03:00,https://www.lansingstatejournal.com/story/money/business/2026/09/14/crunch-fitness-to-open-new-gym-in-delta-township-what-we-know/91596359007/,coming soon,5,2026-09-15
Opening,Specialty / Other,USA,Momiji Sushi & Izakaya Awaits Opening Date in Downtown Silver Spring,Source of the Spring,2026-09-14 10:00:24,https://www.sourceofthespring.com/silver-spring-news/2920568/momiji-sushi-izakaya-awaits-opening-date-in-downtown-silver-spring/,under construction,2,2026-09-15
Opening,Health / Beauty,USA,Redbird & Co. Salon Suites opening soon,Community Impact,2026-09-14 10:00:00,https://communityimpact.com/tomball-magnolia/business/redbird-co-salon-suites-opening-soon/,now open,4,2026-09-15
Opening,Gyms / Fitness,USA,Mat-based fitness studio to open in North Hyde Park's Rome Collective,The Business Journals,2026-09-14 10:00:00,https://www.bizjournals.com/tampabay/news/2026/09/14/calore-club-opening-north-hyde-park.html,build out,4,2026-09-15
Opening,Furniture / Mattress,USA,Article advances retail expansion with Toronto furniture store,retail-insider.com,2026-09-14 10:00:00,https://retail-insider.com/retail-insider/2026/09/article-advances-retail-expansion-with-toronto-furniture-store/,new store,4,2026-09-15
Opening,Hospitality,USA,Philippines’ Boracay to open first casino-hotel September 16th,Asia Gaming Brief (AGB),2026-09-14 09:55:17,https://agbrief.com/news/philippines/14/09/2026/philippines-boracay-to-open-first-casino-hotel-september-16th/,soft opening,4,2026-09-15
Opening,Specialty / Other,USA,Franchise TV Exclusive: French Brand Yogurt Factory Opens New Outlet in Hyderabad,Indian Retailer,2026-09-14 09:34:02,https://www.indianretailer.com/franchisetv/archives/news/franchise-tv-exclusive-french-brand-yogurt-factory-opens-new-outlet-hyderabad,new store,2,2026-09-15
Opening,Specialty / Other,Canada,Franchise News: Limelight Opens New Lab Grown Diamond Store in Kalyan,Indian Retailer,2026-09-14 09:34:01,https://www.indianretailer.com/franchisetv/archives/news/franchise-news-limelight-opens-new-lab-grown-diamond-store-kalyan,new store,2,2026-09-15
Opening,Restaurants,USA,Restaurant known for ‘bold flavors’ to open first CT location. It’s part of an East Coast expansion.,courant.com,2026-09-14 09:32:19,https://www.courant.com/2026/09/14/restaurant-known-for-bold-flavors-to-open-first-ct-location-its-part-of-an-east-coast-expansion/,new store,4,2026-09-15
Closing,Specialty / Other,USA,"Kennedy Center faces bankruptcy threat, could close on Tuesday?",IDNFinancials,2026-09-14 09:20:00,https://www.idnfinancials.com/news/68812/kennedy-center-faces-bankruptcy-threat-could-close-on-tuesday,bankruptcy,5,2026-09-16
Closing,Restaurants,USA,Here's when your favorite Jersey Shore restaurant will close for the 2026 season,Asbury Park Press,2026-09-14 09:15:00,https://www.app.com/story/entertainment/dining/2026/09/14/jersey-shore-restaurants-summer-2026/91582160007/,closing soon,4,2026-09-16
Opening,Specialty / Other,USA,Norwich celebrates Stanton Elementary's opening with ribbon cutting,Norwich Bulletin,2026-09-14 09:13:00,https://www.norwichbulletin.com/story/news/local/2026/09/14/new-stanton-elementary-school-opens-as-first-new-school-in-norwich/91749541007/,ribbon cutting,5,2026-09-15
Opening,Specialty / Other,USA,Arhaus to open new store in California,InteriorDaily,2026-09-14 09:09:38,https://www.interiordaily.com/article/9872491/arhaus-to-open-new-store-in-california/,new store,5,2026-09-15
Closing,Specialty / Other,USA,Family-owned Cobwebs thrift store closing after 37 years in West Ashley,Post and Courier,2026-09-14 09:00:00,https://www.postandcourier.com/business/retail/cobwebs-thrift-store-west-ashley-wappoo-closing/article_bd34154b-9e69-4157-986d-e74d4afdf9d0.html,store closing,5,2026-09-16
Closing,Specialty / Other,USA,"After 20 years helping Summerville sleep, Ferguson Family Mattress is closing. Everything’s on sale.",Post and Courier,2026-09-14 09:00:00,https://www.postandcourier.com/business/retail/summerville-sc-ferguson-family-mattress-closing-sales/article_5c76c294-73ba-4255-8dfe-4f933893a783.html,store closing,2,2026-09-16
Opening,Grocery,USA,Supermarket with HQ in Deeside opening its first store in the Falkland Islands,Leader Live,2026-09-14 09:00:00,https://www.leaderlive.co.uk/news/26546785.supermarket-hq-deeside-opening-first-store-falkland-islands/,new store,4,2026-09-15
Closing,Specialty / Other,USA,Domino’s Franchisee Closes 13 Northern Ohio Locations Without Filing for Bankruptcy,lexpress-franchise.com,2026-09-14 08:55:22,https://lexpress-franchise.com/en-us/news/dominos-franchisee-closes-13-northern-ohio-locations-without-filing-for-bankruptcy/,going out of business,2,2026-09-16
Opening,Restaurants,USA,This famous NYC soup dumpling restaurant just opened in NJ,Central New Jersey News,2026-09-14 08:54:00,https://www.mycentraljersey.com/story/entertainment/dining/2026/09/14/famous-nyc-soup-dumpling-restaurant-opens-nj/91708809007/,now open,4,2026-09-15
Opening,Specialty / Other,USA,Sainsbury’s Local to open in Blackheath in Grade II listed building this month,London Now,2026-09-14 08:26:00,https://www.thisislocallondon.co.uk/news/26541458.sainsburys-confirms-opening-date-blackheath-tranquil-vale-store/,new store,2,2026-09-15
Opening,Restaurants,Canada,Beloved San Pedro Japanese Restaurant Announces Closure,WhatNow,2026-09-14 08:17:12,https://whatnow.com/los-angeles/restaurants/beloved-san-pedro-japanese-restaurant-announces-closure/,coming soon,4,2026-09-15
Opening,Specialty / Other,Canada,Burlington bringing new Augusta store to Colony Plaza,The Augusta Chronicle,2026-09-14 08:03:00,https://www.augustachronicle.com/story/shopping/2026/09/14/burlington-bringing-new-augusta-store-to-colony-plaza/91709547007/,new location,2,2026-09-15
Opening,Restaurants,Canada,More than 45 restaurants are opening this fall in Westchester,Lohud,2026-09-14 08:01:00,https://www.lohud.com/story/life/food/restaurants/2026/09/14/more-than-45-restaurants-are-opening-this-fall-in-westchester/91384885007/,opening soon,4,2026-09-15
Opening,Hospitality,USA,Boracay’s First Licensed Casino-Hotel Sets Soft Opening for September 16,SCCG Management,2026-09-14 07:14:20,https://sccgmanagement.com/sccg-articles/2026/09/14/boracays-first-licensed-casino-hotel-sets-soft-opening-for-september-16/,soft opening,7,2026-09-15
Opening,Specialty / Other,USA,Petaluma’s second Grocery Outlet now open between Hobby Lobby and Boot Barn,Petaluma Argus-Courier,2026-09-14 07:12:34,https://www.petalumanews.com/2026/09/13/petalumas-second-grocery-outlet-now-open-between-hobby-lobby-and-boot-barn/,now open,5,2026-09-15
Opening,Specialty / Other,USA,Kroger closing its store at end of month in 'difficult company-wide decision',the-sun.com,2026-09-14 07:00:43,https://www.the-sun.com/money/17000662/kroger-store-closing-michigan-september/,new store,2,2026-09-15
Opening,Grocery,USA,City-backed nonprofit grocery stores have come to Newark,Gothamist,2026-09-14 07:00:00,https://gothamist.com/news/city-supported-nonprofit-grocery-stores-have-come-to-newark-with-30-discounts,now open,4,2026-09-15
Opening,Specialty / Other,USA,How Marathon Sports brought the trail indoors for its new concept store,Retail Brew,2026-09-14 07:00:00,https://www.retailbrew.com/stories/how-marathon-sports-brought-the-trail-indoors-for-its-new-concept-store,new store,2,2026-09-15
Opening,Hospitality,USA,Boracay’s Kaban casino-hotel to have soft-opening on Sept 16,ggrasia.com,2026-09-14 06:29:39,https://www.ggrasia.com/boracays-kaban-casino-hotel-to-have-soft-opening-on-sept-16,soft opening,4,2026-09-15
Opening,Books / Toys / Gaming,USA,Independent pop-up bookstore fundraises $10k to open first brick-and-mortar location,The Rocky Mountain Collegian,2026-09-14 06:11:47,https://collegian.com/articles/landc/2026/09/category-life-and-culture-independent-pop-up-bookstore-fundraises-10k-to-open-first-brick-and-mortar-location/,grand opening,4,2026-09-15
Opening,Specialty / Other,USA,Little Rock’s West Markham Chick-fil-A to Reopen at New Location,Arkansas Business,2026-09-14 05:00:54,https://www.arkansasbusiness.com/article/little-rocks-west-markham-chick-fil-a-will-reopen-district-midtown/,under construction,2,2026-09-15
Opening,Grocery,USA,'End of an era' as former supermarket fully demolished to make way for new store,Kidderminster Shuttle,2026-09-14 04:28:00,https://www.kidderminstershuttle.co.uk/news/26545142.kidderminster-co-op-franche-road-demolished-lidl/,new store,7,2026-09-15
Opening,Specialty / Other,USA,Bolton's £3m Travelodge opened early with rooms from £19 a night,The Bolton News,2026-09-14 04:00:00,https://www.theboltonnews.co.uk/news/26544077.new-bolton-travelodge-construction-offer-80-rooms/,under construction,2,2026-09-15
Opening,Specialty / Other,USA,Kinton Ramen opens third Hamilton-area location in Ancaster,retail-insider.com,2026-09-14 04:00:00,https://retail-insider.com/bulletin/2026/09/kinton-ramen-opens-third-hamilton-area-location-in-ancaster/,grand opening,2,2026-09-15
Opening,Specialty / Other,USA,Berries and Bowls celebrates grand opening of new College Park location,The Diamondback,2026-09-14 04:00:00,https://dbknews.com/2026/09/14/berries-and-bowls-grand-opening/,grand opening,5,2026-09-15
Opening,Specialty / Other,Canada,Sandwich Shop Bossa Expanding To West Island,WhatNow,2026-09-14 03:41:36,https://whatnow.com/montreal/restaurants/sandwich-shop-bossa-expanding-to-west-island/,expanding to,5,2026-09-15
Closing,Restaurants,USA,Popular seafood chain keeps closing restaurants after bankruptcy,thestreet.com,2026-09-14 01:25:00,https://www.thestreet.com/restaurants/red-lobster-restaurant-closures-2026,chapter 11,5,2026-09-16
Closing,Specialty / Other,USA,"Crystal Jade closes Great World outlet, its third closure in 2026",The Business Times,2026-09-14 01:21:00,https://www.businesstimes.com.sg/companies-markets/consumer-healthcare/crystal-jade-closes-great-world-outlet-its-third-closure-2026,last day,2,2026-09-16
Opening,Specialty / Other,USA,Clothing brand Däp presented a festive art collection in a new store in Ashgabat,Turkmenportal.com,2026-09-14 01:12:26,https://turkmenportal.com/en/news/71548-brend-odezhdy-dap-predstavil-prazdnichnuyu-artkollekciyu-v-novom-magazine-v-ashhabade----------------------------------------------------------------------------------,new store,5,2026-09-15
Opening,Hospitality,USA,KABAN opening soon: Kevin Wong brings a new kind of fun to Boracay with first hotel-casino,bilyonaryo.com,2026-09-14 00:19:43,https://bilyonaryo.com/2026/09/14/kaban-opening-soon-kevin-wong-brings-a-new-kind-of-fun-to-boracay-with-first-hotel-casino/gaming/,opening soon,7,2026-09-15
